지점,일시,습도,강수량,최저온도,평균온도,최고온도
108,2011-1-1,61.0, ,-10.4,-6.8,-2.9
108,2011-1-2,62.3, ,-8.5,-5.4,-1.2
108,2011-1-3,66.4, ,-8.5,-4.5,-0.3
108,2011-1-4,66.4, ,-7.4,-3.9,-1.7
108,2011-1-5,62.9, ,-7.7,-4.0,-1.8
108,2011-1-6,53.5, ,-9.8,-7.6,-4.6
108,2011-1-7,48.8, ,-10.6,-7.0,-2.9
108,2011-1-8,67.9,0.2,-8.2,-3.6,0.1
108,2011-1-9,52.6,0.0,-10.3,-7.0,-0.3
108,2011-1-10,44.0, ,-11.8,-8.2,-4.6
108,2011-1-11,70.3,1.9,-7.8,-5.4,-2.7
108,2011-1-12,44.6, ,-11.1,-8.2,-4.9
108,2011-1-13,47.0, ,-11.1,-5.9,-0.6
108,2011-1-14,59.1,1.1,-6.9,-3.8,0.3
108,2011-1-15,40.0, ,-15.7,-12.2,-6.9
108,2011-1-16,45.4, ,-17.8,-14.5,-10.7
108,2011-1-17,49.8, ,-14.1,-9.7,-4.8
108,2011-1-18,48.9, ,-10.8,-6.7,-2.7
108,2011-1-19,46.4,0.0,-10.0,-6.6,-3.2
108,2011-1-20,43.6, ,-10.5,-8.2,-4.7
108,2011-1-21,44.4, ,-9.7,-6.8,-3.2
108,2011-1-22,59.8,0.4,-7.1,-4.3,-0.8
108,2011-1-23,72.5,5.3,-7.1,-4.5,-2.1
108,2011-1-24,60.8, ,-10.9,-8.8,-5.8
108,2011-1-25,60.1, ,-11.9,-8.4,-4.4
108,2011-1-26,51.5, ,-10.7,-8.5,-5.2
108,2011-1-27,47.3, ,-11.5,-8.9,-5.7
108,2011-1-28,43.3, ,-10.5,-7.9,-4.3
108,2011-1-29,43.1, ,-11.5,-9.1,-5.5
108,2011-1-30,43.5, ,-13.6,-10.1,-5.7
108,2011-1-31,61.5,0.0,-12.7,-6.2,-1.8
108,2011-2-1,68.0, ,-4.2,-0.2,5.0
108,2011-2-2,60.9, ,-2.8,1.3,7.0
108,2011-2-3,75.9, ,-1.3,1.5,4.9
108,2011-2-4,77.8, ,-0.5,1.2,3.5
108,2011-2-5,72.9, ,-0.8,1.1,5.5
108,2011-2-6,75.4, ,-2.1,0.3,2.7
108,2011-2-7,63.6, ,-2.8,0.3,4.2
108,2011-2-8,44.9, ,-0.5,2.9,8.5
108,2011-2-9,46.5, ,-4.1,-1.2,2.1
108,2011-2-10,35.0, ,-5.6,-2.1,2.7
108,2011-2-11,42.0, ,-6.2,-2.9,1.8
108,2011-2-12,43.0, ,-9.2,-5.9,-1.8
108,2011-2-13,39.5, ,-9.0,-4.8,-0.2
108,2011-2-14,46.5, ,-6.7,-3.4,-0.2
108,2011-2-15,52.1, ,-5.5,-1.8,2.9
108,2011-2-16,55.5, ,-5.0,-0.6,4.3
108,2011-2-17,62.0,0.1,-2.0,0.9,4.7
108,2011-2-18,51.5, ,-3.0,1.6,7.3
108,2011-2-19,50.8, ,-2.6,1.4,7.0
108,2011-2-20,43.9, ,-2.1,5.3,12.8
108,2011-2-21,43.5, ,1.4,6.2,12.3
108,2011-2-22,48.1, ,0.7,6.2,13.0
108,2011-2-23,52.1, ,0.6,5.6,12.0
108,2011-2-24,57.4, ,2.8,6.1,10.5
108,2011-2-25,42.9, ,-0.8,2.0,6.3
108,2011-2-26,36.1, ,-0.4,6.2,13.2
108,2011-2-27,84.8,28.5,1.8,4.2,7.4
108,2011-2-28,73.8,0.5,1.0,2.8,4.8
108,2011-3-1,74.5,2.3,-2.7,0.5,3.7
108,2011-3-2,40.5, ,-4.2,-2.1,1.6
108,2011-3-3,42.6, ,-5.5,-2.1,2.5
108,2011-3-4,50.6, ,-4.5,0.1,6.0
108,2011-3-5,68.5, ,-1.8,2.1,6.8
108,2011-3-6,68.8, ,1.2,3.4,7.4
108,2011-3-7,45.1, ,-1.2,1.6,5.8
108,2011-3-8,44.8, ,-2.3,1.6,6.2
108,2011-3-9,40.8, ,-2.4,0.2,4.4
108,2011-3-10,52.4, ,-3.4,1.4,4.9
108,2011-3-11,46.0, ,-0.3,4.6,9.8
108,2011-3-12,46.5, ,1.9,7.8,13.4
108,2011-3-13,65.5, ,8.5,10.7,16.2
108,2011-3-14,72.8, ,4.4,6.7,10.3
108,2011-3-15,40.0, ,-2.3,1.5,5.7
108,2011-3-16,34.4,0.0,-3.1,-0.4,3.2
108,2011-3-17,39.6, ,-3.5,0.8,6.1
108,2011-3-18,38.3, ,-1.5,5.7,12.5
108,2011-3-19,48.1,0.0,5.5,8.8,13.7
108,2011-3-20,65.6,5.0,2.9,6.9,11.4
108,2011-3-21,43.4, ,3.8,8.0,13.0
108,2011-3-22,25.1, ,-1.0,1.8,6.1
108,2011-3-23,39.9, ,-2.2,2.2,7.3
108,2011-3-24,63.4,5.8,0.1,2.9,8.0
108,2011-3-25,43.9, ,-0.8,2.2,6.5
108,2011-3-26,41.9, ,-0.6,3.6,8.6
108,2011-3-27,54.3,0.0,0.9,5.1,9.7
108,2011-3-28,68.1,1.5,3.1,5.2,8.4
108,2011-3-29,63.0, ,1.7,4.8,9.1
108,2011-3-30,61.5, ,2.3,7.3,13.6
108,2011-3-31,54.6, ,3.3,9.2,16.8
108,2011-4-1,47.0, ,4.3,9.1,14.9
108,2011-4-2,51.6, ,5.3,8.9,12.8
108,2011-4-3,50.9, ,4.9,9.6,15.5
108,2011-4-4,40.4, ,4.5,10.1,16.7
108,2011-4-5,28.5, ,5.1,10.7,17.1
108,2011-4-6,31.1, ,5.2,10.6,16.6
108,2011-4-7,89.3,7.0,8.5,9.6,10.7
108,2011-4-8,55.9, ,7.4,11.4,17.3
108,2011-4-9,54.0, ,6.8,9.9,15.0
108,2011-4-10,55.4,1.5,8.2,10.8,14.5
108,2011-4-11,32.6, ,6.0,10.4,15.4
108,2011-4-12,38.1, ,4.9,10.2,15.5
108,2011-4-13,44.1, ,5.7,11.3,17.4
108,2011-4-14,44.4, ,6.6,12.4,18.8
108,2011-4-15,77.1,0.1,9.4,12.2,19.0
108,2011-4-16,26.3, ,5.9,12.1,18.4
108,2011-4-17,49.8, ,8.0,12.0,18.4
108,2011-4-18,70.1,2.0,5.8,6.7,10.7
108,2011-4-19,41.6, ,6.6,10.8,16.2
108,2011-4-20,49.3, ,6.3,11.2,16.8
108,2011-4-21,32.4, ,8.0,13.5,18.0
108,2011-4-22,83.9,19.0,7.4,8.9,14.5
108,2011-4-23,59.6, ,6.1,9.7,14.2
108,2011-4-24,58.5, ,6.1,9.7,13.9
108,2011-4-25,61.0,0.0,7.2,11.3,15.7
108,2011-4-26,82.0,2.5,9.1,10.5,11.4
108,2011-4-27,74.3,5.0,8.7,11.4,14.2
108,2011-4-28,57.0,0.0,7.3,10.4,15.3
108,2011-4-29,47.4,4.0,7.3,13.2,18.4
108,2011-4-30,93.6,69.0,10.6,13.0,14.6
108,2011-5-1,74.9,0.0,9.9,12.5,15.7
108,2011-5-2,57.6, ,8.5,14.2,20.7
108,2011-5-3,44.1, ,11.9,15.3,20.6
108,2011-5-4,41.5, ,10.6,15.9,21.8
108,2011-5-5,35.9, ,12.7,17.5,23.7
108,2011-5-6,63.3,0.5,13.2,15.4,17.9
108,2011-5-7,80.6,3.5,11.5,14.5,21.8
108,2011-5-8,56.1, ,10.3,17.3,24.1
108,2011-5-9,78.8,4.0,14.6,17.6,22.0
108,2011-5-10,89.3,6.5,14.5,16.5,18.5
108,2011-5-11,74.6,14.0,14.4,17.2,21.1
108,2011-5-12,64.0,0.0,11.5,15.7,20.2
108,2011-5-13,56.5, ,10.3,14.6,20.6
108,2011-5-14,39.8, ,12.1,17.2,22.9
108,2011-5-15,50.0, ,13.0,17.2,22.9
108,2011-5-16,48.4, ,10.9,16.4,22.2
108,2011-5-17,35.4, ,11.6,17.5,22.8
108,2011-5-18,40.9,0.0,13.8,20.5,25.4
108,2011-5-19,60.4,0.4,18.8,20.7,23.6
108,2011-5-20,89.8,15.0,15.6,17.5,20.5
108,2011-5-21,85.1,2.0,12.6,14.5,17.7
108,2011-5-22,57.8, ,10.7,17.3,23.3
108,2011-5-23,45.3, ,15.3,19.5,25.9
108,2011-5-24,39.5, ,14.1,21.5,28.0
108,2011-5-25,41.4, ,16.7,22.7,28.2
108,2011-5-26,47.9,0.0,17.9,20.7,24.0
108,2011-5-27,53.5, ,15.6,20.1,24.5
108,2011-5-28,48.0, ,15.7,22.4,28.9
108,2011-5-29,40.4, ,18.4,24.4,31.2
108,2011-5-30,41.6, ,18.6,22.7,28.1
108,2011-5-31,66.5,7.5,15.4,18.7,23.7
108,2011-6-1,76.9,21.5,14.7,18.0,21.6
108,2011-6-2,73.6, ,15.1,19.0,24.7
108,2011-6-3,67.0, ,14.4,19.0,24.8
108,2011-6-4,76.8,0.5,15.8,18.7,24.6
108,2011-6-5,62.6, ,16.1,20.4,27.1
108,2011-6-6,50.5, ,15.3,20.9,26.9
108,2011-6-7,45.8,0.0,15.9,20.9,26.6
108,2011-6-8,55.8,1.5,18.2,22.0,27.5
108,2011-6-9,76.5,0.0,17.5,19.4,22.0
108,2011-6-10,71.4,0.0,17.8,21.4,24.3
108,2011-6-11,45.8,0.0,20.6,24.0,29.2
108,2011-6-12,49.5,0.0,19.0,23.4,30.2
108,2011-6-13,69.9,0.5,16.6,21.0,26.9
108,2011-6-14,57.6, ,16.8,22.8,29.5
108,2011-6-15,50.8,1.0,19.1,25.2,31.9
108,2011-6-16,43.3, ,20.3,26.5,32.0
108,2011-6-17,43.0,0.0,22.1,24.9,31.3
108,2011-6-18,52.5, ,20.8,24.5,28.9
108,2011-6-19,50.4, ,20.7,26.6,32.9
108,2011-6-20,52.5, ,22.7,26.6,32.0
108,2011-6-21,59.9, ,19.4,24.1,29.6
108,2011-6-22,83.6,16.0,20.9,22.7,24.9
108,2011-6-23,92.3,41.0,21.2,22.0,23.3
108,2011-6-24,88.9,10.5,18.6,19.7,21.6
108,2011-6-25,84.9,37.0,17.5,18.3,20.0
108,2011-6-26,82.1,40.0,17.2,19.2,21.6
108,2011-6-27,85.9,11.5,18.3,19.2,20.5
108,2011-6-28,67.3,0.5,18.2,24.1,29.7
108,2011-6-29,92.3,177.0,19.7,21.0,23.3
108,2011-6-30,87.4,46.0,21.0,23.8,27.9
108,2011-7-1,78.9, ,22.2,25.1,28.6
108,2011-7-2,82.3,0.0,22.7,24.7,26.8
108,2011-7-3,92.1,115.0,20.7,22.6,24.8
108,2011-7-4,76.8, ,18.9,22.5,28.0
108,2011-7-5,64.6, ,19.0,24.3,30.7
108,2011-7-6,60.9, ,20.4,25.6,31.2
108,2011-7-7,84.9,42.5,20.9,22.9,25.3
108,2011-7-8,84.1,13.0,20.6,22.4,24.6
108,2011-7-9,83.5,15.0,20.8,23.6,27.8
108,2011-7-10,80.4,6.0,21.4,24.2,28.4
108,2011-7-11,90.3,42.5,19.9,21.2,22.1
108,2011-7-12,87.9,51.5,20.9,22.8,25.6
108,2011-7-13,85.6,29.0,22.5,24.3,26.2
108,2011-7-14,89.5,38.0,22.3,23.6,24.6
108,2011-7-15,89.4,15.0,21.6,23.4,26.0
108,2011-7-16,91.1,54.5,21.2,22.8,25.3
108,2011-7-17,82.5,1.0,22.2,25.1,29.1
108,2011-7-18,62.8, ,24.4,28.7,34.1
108,2011-7-19,55.5, ,24.7,28.5,32.7
108,2011-7-20,50.3, ,23.6,27.6,32.6
108,2011-7-21,48.0, ,22.3,27.1,32.2
108,2011-7-22,71.0,1.5,21.4,24.1,26.6
108,2011-7-23,76.3,3.0,22.9,25.4,29.7
108,2011-7-24,81.6,8.0,22.8,24.8,27.9
108,2011-7-25,85.3,27.5,23.2,24.9,27.9
108,2011-7-26,81.0,171.0,21.1,24.8,29.3
108,2011-7-27,92.1,301.5,22.3,24.0,26.2
108,2011-7-28,89.0,115.0,22.8,24.7,26.3
108,2011-7-29,81.6,7.5,23.9,26.2,30.2
108,2011-7-30,75.3,0.0,24.4,27.2,30.5
108,2011-7-31,87.8,73.0,23.2,24.7,26.6
108,2011-8-1,81.1,0.5,23.3,25.6,29.2
108,2011-8-2,77.5,0.5,24.4,26.1,30.1
108,2011-8-3,83.0,41.5,23.7,25.4,28.1
108,2011-8-4,86.3,10.0,23.7,25.4,28.0
108,2011-8-5,67.8, ,23.4,28.9,34.1
108,2011-8-6,67.5,1.5,26.1,28.5,32.7
108,2011-8-7,63.9,4.5,24.9,28.7,33.0
108,2011-8-8,84.8,39.5,23.6,24.7,27.7
108,2011-8-9,76.3,0.0,24.4,26.0,28.7
108,2011-8-10,81.0,0.3,23.2,25.8,28.9
108,2011-8-11,78.9,0.0,24.5,26.6,29.9
108,2011-8-12,86.5,19.5,24.1,25.3,26.3
108,2011-8-13,83.9,6.5,23.9,25.3,26.6
108,2011-8-14,86.8,9.5,23.9,25.0,26.8
108,2011-8-15,87.3,0.5,22.9,24.5,26.9
108,2011-8-16,87.8,16.0,23.6,25.0,26.2
108,2011-8-17,91.1,4.0,22.8,23.7,24.6
108,2011-8-18,73.3,0.0,21.5,25.2,30.2
108,2011-8-19,75.6, ,21.7,24.4,29.2
108,2011-8-20,76.9,0.5,20.3,23.1,27.0
108,2011-8-21,68.4, ,18.7,24.4,31.0
108,2011-8-22,71.4,3.5,19.8,23.5,29.6
108,2011-8-23,60.1, ,18.1,24.3,30.5
108,2011-8-24,57.9, ,21.2,24.8,28.6
108,2011-8-25,57.3, ,21.0,25.7,30.5
108,2011-8-26,57.5, ,23.2,26.4,30.3
108,2011-8-27,59.5, ,23.5,27.6,31.2
108,2011-8-28,66.8, ,24.3,27.3,32.0
108,2011-8-29,75.6, ,24.5,26.8,29.9
108,2011-8-30,70.0,8.5,24.2,27.1,32.4
108,2011-8-31,62.6, ,23.6,27.9,32.8
108,2011-9-1,63.3, ,22.9,27.0,31.1
108,2011-9-2,58.1, ,22.9,26.9,32.4
108,2011-9-3,48.0, ,20.3,25.1,30.7
108,2011-9-4,47.6, ,19.4,23.7,30.2
108,2011-9-5,55.9, ,19.5,23.8,28.5
108,2011-9-6,52.5, ,18.8,23.4,28.7
108,2011-9-7,49.9, ,17.5,22.6,27.3
108,2011-9-8,53.8,0.0,20.4,22.3,25.8
108,2011-9-9,75.5,2.5,19.0,19.9,20.7
108,2011-9-10,68.6, ,18.0,21.5,26.4
108,2011-9-11,77.1,0.0,19.5,21.2,22.5
108,2011-9-12,69.6,0.0,20.0,23.3,27.0
108,2011-9-13,50.3, ,20.9,25.0,30.9
108,2011-9-14,70.9, ,22.8,24.4,28.1
108,2011-9-15,68.8, ,21.2,25.7,31.3
108,2011-9-16,68.1, ,21.7,25.6,31.2
108,2011-9-17,65.6,0.0,21.6,25.8,31.0
108,2011-9-18,63.0,0.5,17.5,21.0,26.4
108,2011-9-19,56.1,0.1,14.5,16.8,18.2
108,2011-9-20,44.5, ,13.4,17.7,23.2
108,2011-9-21,44.4, ,12.4,18.1,24.0
108,2011-9-22,49.8, ,11.9,18.1,24.6
108,2011-9-23,49.9, ,13.5,19.5,26.0
108,2011-9-24,55.9, ,14.4,19.6,25.9
108,2011-9-25,61.3, ,14.6,20.0,26.6
108,2011-9-26,52.1, ,14.8,21.2,27.7
108,2011-9-27,41.1, ,15.4,21.8,29.2
108,2011-9-28,52.6, ,16.6,19.8,23.5
108,2011-9-29,83.3,22.5,15.5,16.9,19.5
108,2011-9-30,49.5, ,10.3,14.8,18.6
108,2011-10-1,48.9, ,7.7,12.7,17.6
108,2011-10-2,42.1, ,9.6,13.3,18.1
108,2011-10-3,44.3, ,7.3,13.8,20.8
108,2011-10-4,47.3, ,8.4,14.9,21.2
108,2011-10-5,51.5, ,12.7,16.4,22.0
108,2011-10-6,54.1, ,12.7,16.5,20.2
108,2011-10-7,57.5, ,10.5,15.4,21.2
108,2011-10-8,55.3, ,10.4,16.2,22.5
108,2011-10-9,59.0, ,11.9,16.6,22.5
108,2011-10-10,69.6, ,12.4,16.9,21.8
108,2011-10-11,58.1, ,12.4,16.5,22.4
108,2011-10-12,52.5, ,10.7,14.7,18.7
108,2011-10-13,51.4, ,10.7,16.6,23.4
108,2011-10-14,79.3,5.0,12.7,14.4,15.7
108,2011-10-15,85.3,20.0,11.4,13.0,16.9
108,2011-10-16,62.8,0.5,11.1,14.8,20.1
108,2011-10-17,34.3, ,7.0,11.2,14.8
108,2011-10-18,37.4, ,3.9,9.4,15.4
108,2011-10-19,44.0, ,4.6,12.8,20.4
108,2011-10-20,52.4, ,11.0,15.5,20.9
108,2011-10-21,53.1, ,13.1,17.3,21.0
108,2011-10-22,59.8, ,14.4,17.1,21.7
108,2011-10-23,66.3,0.0,11.8,16.5,22.1
108,2011-10-24,72.3,1.5,7.1,12.3,15.3
108,2011-10-25,36.9, ,3.7,7.6,12.1
108,2011-10-26,42.8, ,3.1,9.5,15.3
108,2011-10-27,43.6, ,6.6,12.7,19.5
108,2011-10-28,49.6, ,11.0,14.5,19.8
108,2011-10-29,80.5,5.0,10.2,12.0,13.5
108,2011-10-30,54.8, ,10.7,14.8,20.8
108,2011-10-31,42.8, ,8.5,15.0,22.1
108,2011-11-1,45.9, ,9.9,16.1,22.6
108,2011-11-2,46.1, ,13.4,16.2,21.5
108,2011-11-3,49.1, ,10.0,16.8,24.3
108,2011-11-4,67.6,1.0,15.4,18.4,22.5
108,2011-11-5,67.5,0.1,16.4,19.9,25.9
108,2011-11-6,79.8,12.0,12.9,14.6,19.3
108,2011-11-7,68.9, ,12.5,15.1,18.8
108,2011-11-8,65.0, ,11.1,14.9,19.6
108,2011-11-9,59.4, ,12.5,14.5,18.4
108,2011-11-10,54.1, ,10.9,14.1,17.0
108,2011-11-11,71.1,1.0,11.0,12.5,14.7
108,2011-11-12,66.5, ,9.1,12.0,15.8
108,2011-11-13,53.9, ,6.0,11.3,15.8
108,2011-11-14,37.3, ,3.4,6.4,11.0
108,2011-11-15,43.8, ,3.4,7.2,11.6
108,2011-11-16,51.1, ,5.8,10.9,15.7
108,2011-11-17,52.9,0.0,10.5,13.6,16.3
108,2011-11-18,81.0,6.0,11.9,14.2,16.1
108,2011-11-19,71.4,0.2,3.5,10.6,15.5
108,2011-11-20,40.5, ,-2.2,0.4,3.7
108,2011-11-21,39.1, ,-2.6,1.6,6.3
108,2011-11-22,53.1,0.1,1.9,5.6,7.9
108,2011-11-23,68.5,4.5,-2.1,2.8,7.4
108,2011-11-24,45.8, ,-5.5,-1.6,2.0
108,2011-11-25,49.4,0.0,-0.5,2.8,7.2
108,2011-11-26,55.9,0.0,1.8,5.6,8.8
108,2011-11-27,73.5,0.0,8.7,13.5,15.3
108,2011-11-28,82.8,0.3,13.6,14.6,17.0
108,2011-11-29,87.5,1.0,9.2,11.3,13.6
108,2011-11-30,82.8,30.0,3.0,4.7,9.2
108,2011-12-1,55.0, ,4.3,5.8,9.0
108,2011-12-2,58.6,1.5,2.5,5.5,7.5
108,2011-12-3,73.6,3.5,3.7,5.3,9.1
108,2011-12-4,51.4, ,-0.3,2.5,6.3
108,2011-12-5,35.9, ,-2.1,1.5,5.9
108,2011-12-6,39.3, ,1.2,3.9,7.7
108,2011-12-7,60.1, ,2.3,4.0,5.7
108,2011-12-8,59.6, ,-3.7,0.1,3.7
108,2011-12-9,50.8,0.0,-4.4,-2.7,0.1
108,2011-12-10,48.6,0.0,-4.9,-1.7,1.4
108,2011-12-11,64.6,0.0,-1.7,2.8,6.3
108,2011-12-12,54.4,0.0,-0.1,3.5,6.4
108,2011-12-13,42.8, ,-3.1,1.5,7.4
108,2011-12-14,60.9,0.0,-1.1,2.4,7.2
108,2011-12-15,38.8, ,-5.8,-3.9,-0.9
108,2011-12-16,39.1, ,-9.8,-7.1,-3.5
108,2011-12-17,45.6, ,-10.6,-5.8,-1.6
108,2011-12-18,46.8,0.0,-5.0,-2.4,1.4
108,2011-12-19,38.3, ,-6.7,-2.4,1.9
108,2011-12-20,40.8, ,-5.1,-0.3,3.8
108,2011-12-21,61.8,0.7,-0.7,1.9,5.2
108,2011-12-22,33.9, ,-8.7,-5.5,1.1
108,2011-12-23,42.8,0.6,-10.1,-5.4,-1.1
108,2011-12-24,54.0,0.5,-7.8,-5.2,-3.0
108,2011-12-25,35.4, ,-9.5,-7.1,-3.5
108,2011-12-26,29.1, ,-10.1,-7.1,-3.5
108,2011-12-27,37.4, ,-8.8,-4.0,1.2
108,2011-12-28,65.0,0.3,-4.1,-0.5,2.2
108,2011-12-29,66.1, ,-4.8,-1.7,1.7
108,2011-12-30,66.6, ,-6.4,-3.0,1.9
108,2011-12-31,66.5, ,-6.0,-1.9,1.4
108,2012-1-1,64.5,0.0,-6.9,-3.0,0.4
108,2012-1-2,66.5, ,-8.3,-4.8,-1.2
108,2012-1-3,68.3,0.4,-6.8,-4.5,-0.2
108,2012-1-4,55.4,0.0,-9.6,-7.4,-4.3
108,2012-1-5,49.8, ,-9.8,-5.7,-1.3
108,2012-1-6,42.9, ,-5.6,-2.8,1.3
108,2012-1-7,46.5, ,-8.0,-3.8,2.0
108,2012-1-8,54.3, ,-5.5,-2.5,0.4
108,2012-1-9,66.1,0.0,-1.8,-0.3,2.7
108,2012-1-10,53.9, ,-5.8,-2.5,1.5
108,2012-1-11,42.3, ,-8.1,-6.0,-3.3
108,2012-1-12,56.5,0.0,-10.3,-4.6,-0.4
108,2012-1-13,52.8, ,-4.1,-1.2,2.6
108,2012-1-14,51.6, ,-6.3,-1.5,2.7
108,2012-1-15,44.5, ,-4.7,-2.6,0.3
108,2012-1-16,44.6, ,-5.1,1.0,7.8
108,2012-1-17,48.5, ,0.0,2.8,8.2
108,2012-1-18,39.8, ,-2.2,1.4,5.4
108,2012-1-19,54.4,0.2,1.4,5.3,8.4
108,2012-1-20,61.0,0.5,3.7,5.4,8.3
108,2012-1-21,60.3,0.1,-2.6,2.4,5.7
108,2012-1-22,37.9, ,-11.6,-7.7,-2.4
108,2012-1-23,33.3, ,-12.2,-9.6,-5.3
108,2012-1-24,39.9,1.6,-11.8,-7.3,-3.1
108,2012-1-25,41.3, ,-11.6,-8.2,-5.0
108,2012-1-26,54.5,0.0,-8.5,-2.9,1.8
108,2012-1-27,64.6,0.0,-4.4,-0.9,4.9
108,2012-1-28,24.4, ,-6.0,-1.8,3.1
108,2012-1-29,23.4, ,-5.5,-2.8,1.6
108,2012-1-30,22.4, ,-8.8,-5.6,-0.8
108,2012-1-31,48.4,3.9,-8.5,-4.7,-0.3
108,2012-2-1,47.9, ,-15.3,-12.8,-8.1
108,2012-2-2,44.4, ,-17.1,-13.7,-9.5
108,2012-2-3,54.3,0.1,-14.5,-8.6,-3.9
108,2012-2-4,48.5,0.2,-5.2,-3.0,1.0
108,2012-2-5,36.1, ,-4.5,-0.9,4.8
108,2012-2-6,50.6,0.2,-3.2,0.9,7.0
108,2012-2-7,42.3,0.0,-11.5,-8.7,-0.1
108,2012-2-8,39.1, ,-12.1,-8.0,-3.8
108,2012-2-9,48.9, ,-9.0,-4.5,-0.5
108,2012-2-10,46.4,0.0,-6.9,-3.5,1.7
108,2012-2-11,42.5, ,-9.2,-3.8,0.8
108,2012-2-12,34.4, ,-5.0,-0.1,4.8
108,2012-2-13,26.3, ,0.2,3.1,8.4
108,2012-2-14,48.9, ,-0.3,3.0,8.3
108,2012-2-15,31.5, ,-4.1,-1.3,3.0
108,2012-2-16,32.4, ,-6.1,-2.8,2.7
108,2012-2-17,35.1, ,-8.8,-6.4,-2.9
108,2012-2-18,38.9, ,-9.6,-6.8,-2.2
108,2012-2-19,39.6, ,-9.6,-4.4,1.3
108,2012-2-20,56.8, ,-5.5,-0.2,5.3
108,2012-2-21,59.1, ,-0.9,2.3,5.5
108,2012-2-22,46.6, ,-0.8,5.8,12.1
108,2012-2-23,64.4,0.3,1.1,4.4,8.2
108,2012-2-24,61.3, ,0.2,4.3,9.7
108,2012-2-25,57.4, ,-2.3,1.2,5.0
108,2012-2-26,33.5, ,-4.0,-1.6,3.2
108,2012-2-27,31.3, ,-5.9,-0.7,5.2
108,2012-2-28,26.6, ,-3.2,2.1,7.3
108,2012-2-29,27.1, ,-1.5,5.4,11.8
108,2012-3-1,20.1, ,4.0,8.7,14.6
108,2012-3-2,54.6,0.3,5.2,6.9,9.5
108,2012-3-3,47.1, ,2.7,6.9,12.9
108,2012-3-4,49.9,0.0,3.0,6.2,9.7
108,2012-3-5,66.9,7.0,3.1,5.3,8.5
108,2012-3-6,81.6,8.5,1.8,3.0,4.6
108,2012-3-7,60.1, ,-0.2,3.0,7.7
108,2012-3-8,47.8, ,-0.3,2.0,5.2
108,2012-3-9,48.9, ,-2.1,3.4,9.1
108,2012-3-10,52.5, ,1.3,3.9,8.9
108,2012-3-11,43.0,0.0,-4.6,-2.4,1.3
108,2012-3-12,40.1, ,-5.7,-1.6,3.2
108,2012-3-13,49.8, ,-3.5,1.7,6.6
108,2012-3-14,70.4,0.0,1.8,3.6,5.9
108,2012-3-15,35.8, ,-1.7,5.5,11.8
108,2012-3-16,51.1,4.0,5.7,8.1,12.9
108,2012-3-17,71.4,2.0,6.8,10.4,16.1
108,2012-3-18,62.8, ,2.2,6.9,11.5
108,2012-3-19,38.0, ,-0.5,2.8,7.2
108,2012-3-20,30.6, ,-1.9,3.1,8.3
108,2012-3-21,36.3, ,-0.5,4.3,10.4
108,2012-3-22,53.6,0.0,3.3,7.8,11.4
108,2012-3-23,82.5,22.0,2.3,5.0,9.7
108,2012-3-24,54.5,3.5,1.5,3.3,6.9
108,2012-3-25,36.6, ,0.9,3.6,7.7
108,2012-3-26,38.3, ,-0.2,3.9,8.7
108,2012-3-27,57.6, ,1.0,6.4,10.9
108,2012-3-28,56.4, ,6.4,10.1,15.8
108,2012-3-29,57.0,0.0,5.9,11.6,16.2
108,2012-3-30,73.5,0.1,5.8,9.0,11.9
108,2012-3-31,38.4,0.0,2.5,5.4,10.1
108,2012-4-1,28.1, ,0.6,4.6,9.4
108,2012-4-2,56.9,22.0,3.5,8.3,14.1
108,2012-4-3,66.9,35.0,1.1,4.9,9.4
108,2012-4-4,57.3, ,2.2,7.2,12.8
108,2012-4-5,43.4, ,3.1,6.7,12.2
108,2012-4-6,41.5, ,2.6,5.4,9.6
108,2012-4-7,35.5, ,0.6,5.9,12.4
108,2012-4-8,47.3, ,4.6,11.3,17.6
108,2012-4-9,55.8, ,10.7,15.4,22.4
108,2012-4-10,82.8,10.5,11.5,13.7,16.9
108,2012-4-11,72.5,3.0,9.1,12.2,17.4
108,2012-4-12,49.5, ,5.3,8.9,12.4
108,2012-4-13,52.8, ,7.4,10.3,15.1
108,2012-4-14,68.0, ,5.9,10.5,16.4
108,2012-4-15,56.0, ,6.9,13.4,21.7
108,2012-4-16,58.0, ,7.2,11.9,17.9
108,2012-4-17,38.1, ,7.5,13.6,19.7
108,2012-4-18,32.3, ,9.2,15.2,21.3
108,2012-4-19,34.1, ,12.2,17.0,24.3
108,2012-4-20,38.9, ,13.6,18.4,23.8
108,2012-4-21,72.6,47.5,9.5,11.4,16.3
108,2012-4-22,91.4,9.0,7.9,9.4,12.0
108,2012-4-23,82.1,0.0,9.1,12.9,17.3
108,2012-4-24,60.3, ,12.2,19.7,26.6
108,2012-4-25,72.8,28.0,10.5,15.1,20.7
108,2012-4-26,53.4,2.0,8.0,11.9,16.8
108,2012-4-27,32.0, ,7.8,15.2,22.3
108,2012-4-28,42.4, ,13.8,17.0,22.1
108,2012-4-29,57.1, ,14.0,19.9,26.3
108,2012-4-30,43.3, ,15.4,22.9,29.4
108,2012-5-1,46.1, ,17.3,22.6,28.3
108,2012-5-2,47.3,0.4,19.0,23.1,29.1
108,2012-5-3,53.8,0.2,17.0,20.0,25.4
108,2012-5-4,48.8, ,14.3,19.7,25.7
108,2012-5-5,42.4, ,13.5,18.8,24.9
108,2012-5-6,31.9, ,13.1,18.1,24.1
108,2012-5-7,33.3, ,12.2,18.5,24.9
108,2012-5-8,27.5, ,14.2,20.8,28.0
108,2012-5-9,45.4, ,15.0,20.7,27.4
108,2012-5-10,45.1, ,15.5,20.1,26.6
108,2012-5-11,55.4, ,13.2,16.2,19.2
108,2012-5-12,57.9, ,14.4,17.1,21.1
108,2012-5-13,53.0, ,14.8,19.1,25.2
108,2012-5-14,78.8,6.5,15.1,16.1,17.2
108,2012-5-15,65.3,0.0,13.0,16.9,22.7
108,2012-5-16,58.6,0.0,12.7,16.6,22.0
108,2012-5-17,56.6,0.5,13.9,16.6,20.5
108,2012-5-18,51.4, ,12.0,18.1,24.5
108,2012-5-19,38.0, ,13.1,19.5,25.8
108,2012-5-20,39.1, ,14.5,21.3,28.7
108,2012-5-21,34.8, ,17.2,23.0,28.9
108,2012-5-22,34.6, ,17.8,23.3,29.3
108,2012-5-23,39.5, ,18.3,22.1,27.8
108,2012-5-24,53.0, ,17.0,19.7,24.0
108,2012-5-25,45.4, ,16.2,20.5,26.6
108,2012-5-26,44.8, ,14.1,19.8,26.1
108,2012-5-27,65.6,0.3,17.1,19.3,23.4
108,2012-5-28,58.0,0.1,16.4,20.9,26.0
108,2012-5-29,40.8, ,18.8,21.6,25.4
108,2012-5-30,44.4,0.0,18.6,20.7,23.6
108,2012-5-31,58.6,0.2,16.6,20.9,27.2
108,2012-6-1,52.3, ,16.3,21.4,26.7
108,2012-6-2,44.8, ,19.2,23.1,28.8
108,2012-6-3,38.9, ,18.0,23.3,29.1
108,2012-6-4,35.1, ,18.6,23.7,29.1
108,2012-6-5,62.6,0.0,19.8,22.5,27.5
108,2012-6-6,62.0, ,19.1,23.0,28.9
108,2012-6-7,62.8, ,18.5,23.0,29.4
108,2012-6-8,66.4,2.0,19.0,22.2,27.9
108,2012-6-9,59.5, ,18.6,24.2,29.9
108,2012-6-10,58.8, ,20.8,23.7,28.7
108,2012-6-11,59.4, ,20.3,23.2,27.8
108,2012-6-12,58.9,0.4,19.0,22.6,28.9
108,2012-6-13,53.1, ,18.3,23.4,28.9
108,2012-6-14,49.1, ,19.3,24.8,31.7
108,2012-6-15,52.8, ,20.4,23.7,28.0
108,2012-6-16,61.3, ,20.2,23.5,29.9
108,2012-6-17,52.5, ,18.1,23.6,29.8
108,2012-6-18,46.5, ,20.1,24.9,30.2
108,2012-6-19,44.8, ,20.9,26.0,33.5
108,2012-6-20,49.1, ,21.3,25.4,31.3
108,2012-6-21,55.3, ,21.3,25.7,32.4
108,2012-6-22,61.4,0.0,21.3,24.3,29.3
108,2012-6-23,55.8, ,21.5,26.2,31.7
108,2012-6-24,48.3, ,23.6,27.8,32.8
108,2012-6-25,40.5, ,22.2,26.5,33.2
108,2012-6-26,44.9, ,20.6,24.6,30.8
108,2012-6-27,47.1, ,19.3,24.8,31.0
108,2012-6-28,50.4, ,20.9,25.3,29.6
108,2012-6-29,60.4,20.0,22.0,25.9,31.0
108,2012-6-30,87.8,69.5,20.2,21.9,23.7
108,2012-7-1,80.1,0.0,19.2,21.6,25.4
108,2012-7-2,62.8, ,21.7,24.0,29.8
108,2012-7-3,78.1,25.0,19.7,22.7,25.7
108,2012-7-4,79.8,0.3,22.6,24.4,27.4
108,2012-7-5,89.6,72.0,20.9,22.7,24.6
108,2012-7-6,88.8,102.5,19.9,20.9,21.8
108,2012-7-7,62.1, ,18.5,24.8,31.0
108,2012-7-8,64.5, ,21.4,25.8,30.7
108,2012-7-9,64.1, ,21.9,26.3,32.3
108,2012-7-10,67.4,6.5,21.7,25.9,29.1
108,2012-7-11,83.5,8.0,21.0,23.3,26.5
108,2012-7-12,72.3,0.0,21.1,24.7,28.5
108,2012-7-13,76.1,76.5,21.8,26.1,29.3
108,2012-7-14,82.1,8.0,20.4,22.8,26.2
108,2012-7-15,89.5,32.5,19.1,19.7,20.5
108,2012-7-16,80.3,2.5,19.0,21.7,25.0
108,2012-7-17,70.5,0.0,21.6,25.5,29.0
108,2012-7-18,78.8,6.0,24.7,26.3,28.4
108,2012-7-19,85.3,72.5,22.4,23.9,26.5
108,2012-7-20,73.6,1.0,22.1,25.6,29.7
108,2012-7-21,67.4, ,24.1,27.5,31.4
108,2012-7-22,74.4,16.5,23.7,27.2,30.4
108,2012-7-23,73.9,1.0,25.6,27.6,30.5
108,2012-7-24,71.9, ,25.5,27.8,32.1
108,2012-7-25,68.0, ,24.2,27.9,32.1
108,2012-7-26,63.4, ,24.3,28.1,32.6
108,2012-7-27,68.0, ,24.9,27.9,32.3
108,2012-7-28,67.3, ,25.2,28.5,33.2
108,2012-7-29,66.8,0.0,26.2,29.2,33.2
108,2012-7-30,72.3,18.0,23.0,28.4,31.6
108,2012-7-31,66.1,0.1,26.6,29.0,33.0
108,2012-8-1,56.8, ,25.9,30.8,35.3
108,2012-8-2,53.6, ,26.8,30.8,35.5
108,2012-8-3,51.9, ,27.1,31.3,35.4
108,2012-8-4,50.1, ,28.2,31.7,36.2
108,2012-8-5,51.0, ,27.5,31.8,36.7
108,2012-8-6,54.1, ,27.8,31.5,35.8
108,2012-8-7,48.0, ,26.6,30.7,35.0
108,2012-8-8,51.6, ,25.6,29.6,34.3
108,2012-8-9,63.5, ,26.6,29.7,34.6
108,2012-8-10,69.4,0.3,25.7,27.4,29.0
108,2012-8-11,65.0, ,24.0,27.7,31.8
108,2012-8-12,80.3,17.0,22.3,25.5,27.9
108,2012-8-13,65.0,2.0,22.1,26.6,32.1
108,2012-8-14,64.3,15.5,23.2,26.7,31.2
108,2012-8-15,88.0,136.5,22.4,23.7,27.1
108,2012-8-16,68.8, ,22.7,26.0,28.9
108,2012-8-17,74.0,0.0,24.3,27.5,32.2
108,2012-8-18,80.3,2.0,25.8,27.2,28.6
108,2012-8-19,75.8,5.0,26.3,27.9,30.8
108,2012-8-20,87.4,59.5,24.0,25.4,27.1
108,2012-8-21,85.4,137.0,23.5,25.3,28.7
108,2012-8-22,80.5,17.0,20.3,22.0,24.6
108,2012-8-23,68.3,0.1,20.5,23.0,25.7
108,2012-8-24,70.0,7.5,21.1,23.3,26.1
108,2012-8-25,80.1,11.5,21.5,25.0,28.9
108,2012-8-26,72.3,0.0,24.1,27.5,32.4
108,2012-8-27,59.9, ,24.5,28.5,32.9
108,2012-8-28,69.5,13.5,21.8,26.1,29.4
108,2012-8-29,70.3,6.0,21.7,25.7,29.1
108,2012-8-30,85.8,34.5,18.7,21.4,24.7
108,2012-8-31,65.6, ,18.7,23.8,28.4
108,2012-9-1,69.0, ,22.3,25.2,29.4
108,2012-9-2,65.1, ,20.8,25.0,29.5
108,2012-9-3,71.4, ,22.2,24.9,28.5
108,2012-9-4,84.1,55.5,19.7,22.0,24.4
108,2012-9-5,61.1,10.5,19.2,22.3,26.1
108,2012-9-6,52.9, ,16.0,21.6,27.1
108,2012-9-7,60.6,3.0,16.9,22.5,27.2
108,2012-9-8,71.8,25.0,17.7,20.2,23.7
108,2012-9-9,68.4, ,17.1,20.9,25.0
108,2012-9-10,61.4, ,17.8,23.2,28.3
108,2012-9-11,53.1, ,18.1,22.8,27.5
108,2012-9-12,68.9,0.5,19.6,21.6,24.8
108,2012-9-13,87.1,13.5,18.6,20.0,21.1
108,2012-9-14,68.5,2.0,17.3,19.4,21.8
108,2012-9-15,56.8, ,17.0,21.0,25.5
108,2012-9-16,60.1,2.5,17.5,19.9,22.1
108,2012-9-17,86.8,85.5,16.0,17.3,18.4
108,2012-9-18,69.4, ,17.7,20.9,24.6
108,2012-9-19,63.9, ,17.7,20.6,25.2
108,2012-9-20,69.6,0.0,15.6,20.1,24.7
108,2012-9-21,68.3, ,17.2,20.1,24.3
108,2012-9-22,60.6, ,15.2,20.7,26.4
108,2012-9-23,56.6, ,16.4,21.2,26.6
108,2012-9-24,49.8, ,16.1,21.5,27.5
108,2012-9-25,52.3, ,16.9,21.8,27.8
108,2012-9-26,60.0, ,17.5,21.3,25.4
108,2012-9-27,62.0, ,17.7,20.3,23.6
108,2012-9-28,72.3,13.5,15.4,18.0,22.0
108,2012-9-29,58.8,0.5,14.0,16.4,19.8
108,2012-9-30,63.8, ,12.0,16.2,21.0
108,2012-10-1,64.3, ,12.5,18.1,24.6
108,2012-10-2,64.3, ,14.3,19.3,24.9
108,2012-10-3,60.4, ,15.0,19.9,26.0
108,2012-10-4,61.6, ,14.4,19.0,24.2
108,2012-10-5,61.4, ,14.9,19.0,22.8
108,2012-10-6,52.9, ,16.1,19.6,24.5
108,2012-10-7,54.9, ,15.1,19.2,24.4
108,2012-10-8,53.0, ,14.6,18.4,23.4
108,2012-10-9,60.0, ,13.8,17.6,22.4
108,2012-10-10,69.6,13.0,12.6,15.7,20.3
108,2012-10-11,47.4, ,9.9,13.9,19.0
108,2012-10-12,51.8, ,8.5,14.9,21.4
108,2012-10-13,54.0, ,11.3,16.4,23.1
108,2012-10-14,39.9, ,12.0,16.3,21.8
108,2012-10-15,33.3, ,10.3,14.8,21.8
108,2012-10-16,46.5, ,10.8,17.1,23.4
108,2012-10-17,57.0,2.5,8.1,12.6,17.6
108,2012-10-18,46.5, ,6.0,11.6,17.0
108,2012-10-19,52.3, ,10.3,14.8,20.1
108,2012-10-20,65.0, ,10.5,15.8,21.0
108,2012-10-21,70.5, ,15.4,18.3,23.7
108,2012-10-22,77.3,39.5,8.5,13.4,17.1
108,2012-10-23,49.4,0.0,4.5,10.0,14.5
108,2012-10-24,62.8, ,9.5,13.2,18.4
108,2012-10-25,68.5, ,12.6,15.2,20.0
108,2012-10-26,62.1, ,11.1,15.9,22.3
108,2012-10-27,84.5,44.0,12.5,14.3,16.4
108,2012-10-28,65.4,0.0,10.8,14.3,18.8
108,2012-10-29,60.6,0.0,8.0,11.7,16.7
108,2012-10-30,55.4,0.1,5.8,8.6,12.4
108,2012-10-31,50.9,0.2,2.8,6.9,11.6
108,2012-11-1,36.5, ,2.7,5.6,10.0
108,2012-11-2,36.9, ,1.6,7.2,12.4
108,2012-11-3,41.5, ,3.2,9.4,15.7
108,2012-11-4,56.5,4.0,9.1,11.8,15.3
108,2012-11-5,87.6,8.0,7.2,8.5,10.7
108,2012-11-6,81.0,5.0,5.1,7.1,8.6
108,2012-11-7,68.4, ,4.1,8.4,12.5
108,2012-11-8,74.6, ,6.0,8.8,12.6
108,2012-11-9,63.6, ,4.4,9.4,15.0
108,2012-11-10,49.3, ,9.2,12.0,14.7
108,2012-11-11,72.0,28.0,3.6,8.7,12.0
108,2012-11-12,67.8,3.0,5.8,7.3,9.1
108,2012-11-13,54.8,0.0,1.7,5.3,9.1
108,2012-11-14,53.3,0.0,-0.6,2.4,6.7
108,2012-11-15,51.5, ,-0.3,4.2,9.8
108,2012-11-16,74.0,9.5,1.0,4.9,8.2
108,2012-11-17,61.6,1.5,1.5,5.3,8.0
108,2012-11-18,45.1, ,-0.5,3.5,8.4
108,2012-11-19,64.4,5.5,-0.5,3.4,7.6
108,2012-11-20,51.6, ,-1.8,1.9,6.4
108,2012-11-21,62.5, ,-0.4,4.1,8.4
108,2012-11-22,68.3,0.3,1.9,6.7,10.5
108,2012-11-23,63.0, ,0.3,3.3,6.9
108,2012-11-24,46.9, ,-1.8,1.7,6.7
108,2012-11-25,55.6,0.5,-0.7,3.4,7.5
108,2012-11-26,51.5,1.0,-1.2,2.3,5.1
108,2012-11-27,38.9, ,-2.8,2.1,6.5
108,2012-11-28,54.5,1.0,-0.1,5.0,10.2
108,2012-11-29,34.4, ,-1.9,0.8,4.7
108,2012-11-30,49.6,0.5,-3.0,1.7,6.2
108,2012-12-1,47.9, ,-5.9,-0.9,4.0
108,2012-12-2,50.4, ,1.0,2.9,7.1
108,2012-12-3,66.9,5.4,-1.6,1.7,5.0
108,2012-12-4,41.3, ,-5.9,-3.3,-0.1
108,2012-12-5,66.5,5.8,-6.2,-3.8,-0.8
108,2012-12-6,53.4,0.1,-10.3,-6.3,-2.9
108,2012-12-7,76.0,1.9,-6.4,-4.5,-2.4
108,2012-12-8,42.4, ,-11.0,-8.2,-5.3
108,2012-12-9,45.5, ,-13.2,-10.5,-7.0
108,2012-12-10,51.3, ,-11.8,-8.3,-4.6
108,2012-12-11,55.3, ,-10.4,-6.5,-0.8
108,2012-12-12,56.8, ,-9.0,-5.0,0.0
108,2012-12-13,55.1, ,-6.2,-1.5,3.4
108,2012-12-14,79.8,18.5,0.3,2.7,4.7
108,2012-12-15,78.4,0.5,1.9,4.6,8.3
108,2012-12-16,77.0, ,-1.2,1.6,4.3
108,2012-12-17,65.4, ,-4.7,-0.4,3.2
108,2012-12-18,49.4, ,-9.2,-6.8,-4.0
108,2012-12-19,45.0, ,-10.4,-6.9,-2.8
108,2012-12-20,49.1, ,-7.8,-3.4,0.3
108,2012-12-21,66.1,1.8,-1.9,-0.7,0.8
108,2012-12-22,67.4, ,-5.9,-3.0,-0.8
108,2012-12-23,53.9,0.0,-12.5,-8.9,-5.9
108,2012-12-24,52.0,0.0,-13.6,-8.8,-4.5
108,2012-12-25,50.9,1.0,-13.7,-8.9,-4.6
108,2012-12-26,33.5, ,-14.5,-10.8,-7.0
108,2012-12-27,47.1, ,-11.3,-5.7,-0.8
108,2012-12-28,59.5,0.0,-3.5,-0.9,1.5
108,2012-12-29,84.1,4.1,-1.9,-0.3,0.6
108,2012-12-30,54.6,2.3,-10.7,-8.2,0.0
108,2012-12-31,45.9, ,-11.6,-8.7,-5.0
108,2013-1-1,73.5,3.1,-8.7,-4.7,0.0
108,2013-1-2,40.8, ,-15.1,-11.7,-4.8
108,2013-1-3,42.8, ,-16.4,-13.2,-9.3
108,2013-1-4,44.3, ,-14.8,-10.7,-5.8
108,2013-1-5,59.4, ,-12.1,-7.0,-1.2
108,2013-1-6,59.4, ,-9.4,-6.3,-2.0
108,2013-1-7,53.6, ,-8.8,-5.1,0.1
108,2013-1-8,53.4, ,-6.8,-4.6,-0.7
108,2013-1-9,38.5, ,-10.7,-9.0,-6.4
108,2013-1-10,41.3, ,-12.3,-8.3,-3.6
108,2013-1-11,50.5,0.0,-7.9,-3.2,1.4
108,2013-1-12,70.0,0.1,-2.7,0.0,4.2
108,2013-1-13,65.6, ,-3.0,-0.5,3.3
108,2013-1-14,61.6, ,-4.3,-2.1,1.8
108,2013-1-15,57.0, ,-5.5,-2.1,2.0
108,2013-1-16,64.1,0.3,-5.8,-2.6,0.4
108,2013-1-17,62.9, ,-8.2,-5.8,-2.5
108,2013-1-18,51.9, ,-9.2,-4.4,0.2
108,2013-1-19,59.9, ,-2.5,0.5,4.6
108,2013-1-20,55.8, ,-2.0,1.6,4.1
108,2013-1-21,83.6,16.5,1.1,2.2,4.0
108,2013-1-22,74.3,0.5,2.0,3.8,6.0
108,2013-1-23,80.4,1.5,1.0,1.8,3.8
108,2013-1-24,57.6,0.1,-6.7,-0.9,2.4
108,2013-1-25,37.5, ,-10.8,-9.1,-6.5
108,2013-1-26,37.0, ,-11.9,-9.2,-5.1
108,2013-1-27,44.9, ,-10.7,-7.3,-3.9
108,2013-1-28,56.0, ,-8.9,-3.5,0.2
108,2013-1-29,63.5,0.0,-0.3,2.2,3.7
108,2013-1-30,68.8, ,3.5,5.4,8.5
108,2013-1-31,59.5,0.0,3.7,7.4,11.5
108,2013-2-1,85.8,46.5,3.7,7.3,9.3
108,2013-2-2,52.1, ,-4.5,-1.1,3.7
108,2013-2-3,62.3,7.5,-5.8,-3.2,-1.1
108,2013-2-4,77.1,7.4,-3.3,-0.8,2.5
108,2013-2-5,77.0,4.5,-4.0,-0.6,2.7
108,2013-2-6,75.0,2.1,-3.1,-1.5,0.2
108,2013-2-7,42.5,0.0,-13.8,-11.1,-2.6
108,2013-2-8,39.3, ,-15.8,-11.5,-6.1
108,2013-2-9,55.5, ,-12.3,-7.2,-2.6
108,2013-2-10,56.6,1.2,-8.4,-4.0,-0.5
108,2013-2-11,41.8, ,-10.4,-5.8,-0.9
108,2013-2-12,55.6,0.0,-4.8,-3.8,-1.9
108,2013-2-13,59.6, ,-6.3,-1.3,2.9
108,2013-2-14,60.1, ,-2.6,1.1,5.2
108,2013-2-15,48.4, ,-5.2,-1.2,1.5
108,2013-2-16,38.8, ,-7.0,-2.6,2.6
108,2013-2-17,44.5,0.0,-2.1,2.3,5.8
108,2013-2-18,49.8, ,-2.5,0.5,3.1
108,2013-2-19,27.5, ,-7.1,-2.9,0.6
108,2013-2-20,35.3, ,-8.7,-4.8,0.0
108,2013-2-21,49.0,0.0,-5.3,-1.7,2.5
108,2013-2-22,57.1,3.9,-3.1,0.5,4.3
108,2013-2-23,45.9, ,-4.4,-0.9,2.4
108,2013-2-24,42.4, ,-2.4,1.4,5.3
108,2013-2-25,39.4, ,-0.7,3.3,8.6
108,2013-2-26,56.4,0.0,2.5,4.8,7.5
108,2013-2-27,69.5, ,0.8,3.4,8.8
108,2013-2-28,57.3,1.0,-1.1,6.7,13.9
108,2013-3-1,56.1,3.0,-2.4,0.8,7.7
108,2013-3-2,42.6, ,-4.4,-0.8,3.1
108,2013-3-3,50.3, ,-3.5,0.4,4.8
108,2013-3-4,58.6, ,-0.7,3.1,8.9
108,2013-3-5,51.8, ,-0.7,3.7,9.1
108,2013-3-6,43.1, ,0.9,7.9,14.3
108,2013-3-7,74.1,0.5,4.3,8.0,11.7
108,2013-3-8,66.0, ,3.8,8.5,14.1
108,2013-3-9,48.8, ,6.2,13.2,23.8
108,2013-3-10,32.5, ,-1.5,1.2,7.9
108,2013-3-11,33.4, ,-2.6,4.2,12.1
108,2013-3-12,60.4,3.5,1.6,7.5,11.7
108,2013-3-13,64.5,11.5,1.8,5.2,8.4
108,2013-3-14,48.9, ,0.9,4.1,9.8
108,2013-3-15,43.4, ,0.0,4.6,10.5
108,2013-3-16,53.6, ,1.6,6.3,12.7
108,2013-3-17,57.5,7.5,3.4,8.2,15.9
108,2013-3-18,73.0,1.0,5.3,8.3,14.2
108,2013-3-19,61.1, ,5.2,8.0,11.4
108,2013-3-20,51.9,0.1,-2.5,2.8,8.5
108,2013-3-21,34.3, ,-4.0,1.5,7.2
108,2013-3-22,61.6, ,0.9,3.4,6.9
108,2013-3-23,39.0, ,-1.2,5.4,12.1
108,2013-3-24,47.4, ,1.8,5.1,10.2
108,2013-3-25,40.3, ,-0.7,2.8,7.8
108,2013-3-26,39.9, ,-0.9,4.4,10.4
108,2013-3-27,30.1, ,1.4,7.5,14.9
108,2013-3-28,42.1, ,4.4,7.3,12.0
108,2013-3-29,28.6, ,0.6,5.4,10.4
108,2013-3-30,43.1,0.2,2.3,4.9,10.2
108,2013-3-31,46.4, ,1.0,6.3,13.2
108,2013-4-1,44.5,0.5,3.3,9.2,13.4
108,2013-4-2,86.1,8.5,5.8,7.2,9.5
108,2013-4-3,64.0, ,3.9,7.9,14.1
108,2013-4-4,44.5, ,5.6,12.6,19.8
108,2013-4-5,42.1, ,10.1,14.6,19.9
108,2013-4-6,84.4,14.0,2.5,7.5,13.0
108,2013-4-7,57.3,1.0,2.0,5.1,9.6
108,2013-4-8,55.1,1.0,2.5,8.0,13.8
108,2013-4-9,50.8,0.5,3.2,6.2,10.7
108,2013-4-10,49.3,1.5,1.3,5.0,8.1
108,2013-4-11,54.5,0.5,3.7,5.5,9.6
108,2013-4-12,42.6, ,2.2,6.9,11.9
108,2013-4-13,38.6, ,3.4,11.4,17.5
108,2013-4-14,40.4,3.5,4.2,8.3,12.2
108,2013-4-15,31.5, ,2.6,7.5,12.5
108,2013-4-16,54.5, ,8.6,13.2,19.1
108,2013-4-17,62.3, ,10.3,14.8,20.6
108,2013-4-18,37.4, ,9.0,12.3,16.3
108,2013-4-19,27.0, ,5.1,9.8,15.0
108,2013-4-20,70.8,9.5,4.0,6.6,10.1
108,2013-4-21,58.8, ,4.2,9.0,15.3
108,2013-4-22,43.8, ,5.6,11.4,17.2
108,2013-4-23,59.3,5.5,9.7,11.2,14.8
108,2013-4-24,67.0,0.1,8.3,12.3,18.0
108,2013-4-25,78.9,4.5,7.9,9.3,13.8
108,2013-4-26,55.0,0.1,6.9,11.7,16.3
108,2013-4-27,51.4, ,8.2,12.8,18.5
108,2013-4-28,51.0, ,10.3,16.0,21.6
108,2013-4-29,67.6,21.0,9.0,13.5,17.7
108,2013-4-30,48.8, ,7.7,13.4,19.5
108,2013-5-1,52.4,1.0,8.7,13.2,18.6
108,2013-5-2,67.1,1.0,9.0,12.4,17.1
108,2013-5-3,64.8,0.0,9.0,12.6,18.2
108,2013-5-4,58.1, ,9.3,13.9,19.6
108,2013-5-5,51.8, ,9.2,14.3,20.6
108,2013-5-6,54.0, ,7.9,14.6,21.3
108,2013-5-7,41.4, ,11.9,18.7,26.7
108,2013-5-8,33.6, ,12.7,19.4,26.2
108,2013-5-9,55.3,2.5,14.7,18.1,23.0
108,2013-5-10,89.3,22.0,10.4,14.0,16.1
108,2013-5-11,55.5, ,11.0,17.9,24.8
108,2013-5-12,61.3,1.0,16.4,19.1,22.5
108,2013-5-13,45.0, ,17.7,21.6,26.8
108,2013-5-14,46.9, ,17.0,20.2,25.3
108,2013-5-15,57.0, ,15.6,19.4,24.4
108,2013-5-16,33.3, ,15.3,22.0,28.3
108,2013-5-17,36.6, ,15.7,20.2,26.6
108,2013-5-18,62.8,14.5,13.7,17.7,22.3
108,2013-5-19,80.9,19.5,13.6,16.6,21.5
108,2013-5-20,76.0, ,12.1,14.4,18.5
108,2013-5-21,43.3, ,10.2,17.7,24.6
108,2013-5-22,49.4, ,13.9,19.7,25.9
108,2013-5-23,59.3, ,15.4,22.1,30.2
108,2013-5-24,58.9, ,15.7,21.3,27.5
108,2013-5-25,49.6, ,18.2,24.7,31.8
108,2013-5-26,45.9, ,20.8,23.9,28.4
108,2013-5-27,80.4,56.5,17.7,19.7,22.6
108,2013-5-28,89.1,11.5,17.6,18.9,20.9
108,2013-5-29,87.8,2.5,14.9,16.1,18.1
108,2013-5-30,57.9, ,14.3,19.2,25.0
108,2013-5-31,46.6, ,13.9,21.3,27.8
108,2013-6-1,44.3, ,17.4,21.7,27.9
108,2013-6-2,48.6, ,16.3,23.5,30.8
108,2013-6-3,59.0, ,18.4,21.3,26.7
108,2013-6-4,54.3,0.2,17.5,22.8,28.4
108,2013-6-5,51.8, ,19.1,24.8,30.4
108,2013-6-6,55.9, ,21.7,25.0,30.0
108,2013-6-7,50.9, ,20.7,25.7,31.1
108,2013-6-8,48.5, ,21.0,26.4,31.2
108,2013-6-9,38.3, ,22.3,27.4,32.4
108,2013-6-10,35.5, ,21.6,27.5,32.2
108,2013-6-11,57.9,7.0,20.5,23.7,26.7
108,2013-6-12,85.4,6.5,19.6,20.5,22.5
108,2013-6-13,70.5, ,18.8,23.0,27.5
108,2013-6-14,62.3, ,20.9,24.6,29.7
108,2013-6-15,58.4, ,21.3,24.6,29.1
108,2013-6-16,69.8, ,19.8,22.5,27.5
108,2013-6-17,76.8,0.5,19.9,22.3,25.8
108,2013-6-18,90.1,12.0,20.5,21.7,23.1
108,2013-6-19,71.1,0.1,20.6,24.3,29.6
108,2013-6-20,58.5, ,20.9,25.8,31.1
108,2013-6-21,57.5, ,22.9,26.6,31.8
108,2013-6-22,63.9, ,22.7,25.1,29.6
108,2013-6-23,69.6,0.3,20.6,22.9,26.2
108,2013-6-24,66.6, ,19.6,23.5,29.4
108,2013-6-25,58.6, ,21.0,25.1,29.8
108,2013-6-26,59.8,0.0,21.1,24.5,29.7
108,2013-6-27,63.1, ,20.4,25.1,31.8
108,2013-6-28,61.1,1.5,21.5,25.5,30.6
108,2013-6-29,54.8, ,21.8,27.2,32.6
108,2013-6-30,60.4,0.2,23.4,27.7,31.9
108,2013-7-1,58.4, ,23.9,27.1,31.3
108,2013-7-2,82.5,51.5,21.5,24.3,27.9
108,2013-7-3,69.1, ,20.5,25.2,30.7
108,2013-7-4,84.3,32.5,23.1,24.9,27.6
108,2013-7-5,73.4,1.0,22.1,25.6,30.2
108,2013-7-6,73.0, ,21.6,25.2,30.6
108,2013-7-7,78.8,3.0,22.4,24.9,29.5
108,2013-7-8,88.6,68.0,22.3,24.3,26.3
108,2013-7-9,87.3,6.5,23.5,24.5,26.2
108,2013-7-10,82.8,1.0,24.6,25.3,26.1
108,2013-7-11,86.0,14.0,23.8,24.6,25.1
108,2013-7-12,88.4,74.0,23.2,23.6,24.3
108,2013-7-13,90.1,165.0,22.2,24.2,25.6
108,2013-7-14,90.9,23.0,23.1,24.1,25.4
108,2013-7-15,80.1,3.5,23.6,26.5,29.1
108,2013-7-16,70.4,1.5,25.2,26.9,28.8
108,2013-7-17,89.1,18.5,23.5,24.2,25.7
108,2013-7-18,85.6,26.5,23.8,25.1,27.7
108,2013-7-19,72.0, ,23.3,26.8,30.5
108,2013-7-20,72.4,1.0,25.3,27.0,30.3
108,2013-7-21,78.8,0.5,25.6,26.8,28.4
108,2013-7-22,81.0,84.5,24.1,26.4,29.4
108,2013-7-23,87.3,56.5,24.7,25.7,26.4
108,2013-7-24,79.0,11.5,23.2,24.7,27.6
108,2013-7-25,71.8,0.0,22.9,26.0,30.2
108,2013-7-26,70.9, ,23.1,26.5,31.1
108,2013-7-27,67.8,0.2,23.1,26.2,31.2
108,2013-7-28,85.5,11.0,23.9,25.3,26.7
108,2013-7-29,82.3,3.5,24.4,26.5,29.6
108,2013-7-30,73.9,9.5,24.0,26.3,29.9
108,2013-7-31,75.4,8.5,24.7,26.4,29.0
108,2013-8-1,67.3, ,24.5,28.0,32.1
108,2013-8-2,80.4,7.5,25.2,27.4,29.3
108,2013-8-3,72.3,0.1,26.7,28.9,32.6
108,2013-8-4,76.4,4.5,26.4,28.3,31.3
108,2013-8-5,78.9,7.0,26.4,27.7,30.1
108,2013-8-6,80.8,45.0,23.0,26.4,27.6
108,2013-8-7,73.8, ,25.0,28.7,32.1
108,2013-8-8,73.5, ,27.3,29.3,32.8
108,2013-8-9,79.9,0.0,27.9,29.2,30.8
108,2013-8-10,82.4,2.0,25.8,28.0,29.4
108,2013-8-11,71.8, ,24.2,28.7,33.2
108,2013-8-12,69.8, ,27.1,29.3,32.6
108,2013-8-13,65.6, ,26.6,29.0,32.9
108,2013-8-14,67.1, ,26.2,28.6,32.0
108,2013-8-15,71.5,0.0,25.8,28.7,32.4
108,2013-8-16,71.8,4.5,26.1,28.7,31.7
108,2013-8-17,69.6, ,27.1,28.7,31.6
108,2013-8-18,72.8,13.0,26.0,28.3,31.5
108,2013-8-19,68.9,6.0,25.7,28.2,32.3
108,2013-8-20,62.0, ,23.0,27.4,32.3
108,2013-8-21,54.9, ,24.2,28.8,33.9
108,2013-8-22,58.6,0.0,26.3,29.3,32.3
108,2013-8-23,78.9,35.0,23.7,25.7,28.7
108,2013-8-24,60.4, ,21.9,26.6,31.5
108,2013-8-25,52.3, ,22.0,27.1,32.1
108,2013-8-26,52.3, ,22.8,27.0,31.6
108,2013-8-27,61.6, ,22.5,25.6,29.3
108,2013-8-28,59.4, ,22.7,26.4,30.8
108,2013-8-29,79.1,21.5,24.5,25.5,26.7
108,2013-8-30,69.6, ,22.3,25.1,28.3
108,2013-8-31,65.8,2.5,21.1,24.0,27.9
108,2013-9-1,54.6, ,19.8,23.5,28.2
108,2013-9-2,49.9, ,17.3,22.4,26.9
108,2013-9-3,43.5, ,16.4,21.7,26.8
108,2013-9-4,46.5, ,16.4,22.0,27.5
108,2013-9-5,52.9,0.0,17.9,21.2,24.1
108,2013-9-6,59.6,0.0,19.0,20.8,23.1
108,2013-9-7,61.8, ,17.9,21.9,26.9
108,2013-9-8,63.4, ,18.4,22.9,27.9
108,2013-9-9,67.0, ,19.8,23.0,26.5
108,2013-9-10,76.3,11.5,19.1,22.0,25.2
108,2013-9-11,90.6,36.5,19.1,20.1,20.9
108,2013-9-12,80.4,0.5,20.3,23.0,26.3
108,2013-9-13,87.5,50.0,20.9,22.9,25.2
108,2013-9-14,81.1,11.5,21.5,23.1,25.3
108,2013-9-15,59.5, ,20.3,23.4,28.2
108,2013-9-16,49.3, ,15.2,20.9,27.0
108,2013-9-17,48.4, ,17.0,22.6,29.3
108,2013-9-18,54.0, ,17.5,24.4,31.1
108,2013-9-19,56.0, ,20.5,24.7,30.2
108,2013-9-20,71.5, ,20.1,23.4,28.0
108,2013-9-21,66.9, ,19.9,23.8,27.8
108,2013-9-22,54.9,0.0,20.4,23.1,27.2
108,2013-9-23,55.6, ,18.6,23.8,29.0
108,2013-9-24,81.8,4.5,20.0,22.0,23.9
108,2013-9-25,57.3, ,15.3,19.5,24.2
108,2013-9-26,36.9, ,12.7,17.3,22.5
108,2013-9-27,50.9, ,10.9,17.9,24.0
108,2013-9-28,70.6,4.0,15.2,17.4,19.9
108,2013-9-29,86.1,19.0,14.7,17.2,19.7
108,2013-9-30,71.8,1.0,18.0,20.7,25.5
108,2013-10-1,66.8, ,17.2,21.6,27.2
108,2013-10-2,58.6, ,15.0,19.4,22.8
108,2013-10-3,49.1, ,11.0,16.3,21.3
108,2013-10-4,54.6, ,10.7,17.4,25.1
108,2013-10-5,48.0, ,12.6,20.0,28.1
108,2013-10-6,53.5,0.0,15.4,20.8,25.7
108,2013-10-7,65.9, ,19.8,22.8,26.9
108,2013-10-8,83.4,3.0,18.0,20.0,21.8
108,2013-10-9,63.9, ,15.5,20.5,26.4
108,2013-10-10,71.0, ,15.9,21.1,26.4
108,2013-10-11,57.5,6.5,14.1,18.1,20.7
108,2013-10-12,53.8, ,11.0,16.4,21.5
108,2013-10-13,62.0, ,12.2,17.3,23.4
108,2013-10-14,63.6, ,13.3,18.3,24.4
108,2013-10-15,79.4,3.5,7.7,12.0,17.4
108,2013-10-16,53.1, ,6.1,11.2,16.8
108,2013-10-17,55.5, ,6.8,12.4,18.9
108,2013-10-18,54.8, ,8.1,13.6,20.2
108,2013-10-19,59.1, ,9.8,14.6,19.5
108,2013-10-20,60.1, ,11.7,16.7,22.9
108,2013-10-21,50.3, ,12.0,16.2,22.2
108,2013-10-22,46.1, ,11.3,15.9,21.7
108,2013-10-23,49.1, ,12.2,16.2,22.1
108,2013-10-24,50.8, ,7.8,13.1,18.5
108,2013-10-25,41.9, ,5.3,9.3,14.5
108,2013-10-26,50.5, ,4.3,10.0,15.7
108,2013-10-27,56.3, ,5.1,11.4,18.0
108,2013-10-28,65.5, ,6.7,11.6,16.7
108,2013-10-29,71.3,0.5,9.5,12.7,16.5
108,2013-10-30,58.9, ,6.4,10.5,16.2
108,2013-10-31,54.9, ,5.5,11.7,18.8
108,2013-11-1,50.8, ,8.6,14.8,20.7
108,2013-11-2,79.8,7.5,8.6,11.6,14.9
108,2013-11-3,80.3,0.0,7.8,11.9,16.7
108,2013-11-4,70.3, ,9.2,12.6,17.6
108,2013-11-5,64.3, ,7.5,12.3,18.5
108,2013-11-6,77.5,1.0,9.0,12.2,15.9
108,2013-11-7,52.9,0.1,7.5,12.2,15.8
108,2013-11-8,43.4,0.1,4.0,9.0,14.5
108,2013-11-9,62.1,5.5,9.2,11.6,15.5
108,2013-11-10,45.3,0.0,2.1,5.5,10.4
108,2013-11-11,32.9, ,-1.4,2.6,7.5
108,2013-11-12,36.1, ,-1.1,3.4,8.5
108,2013-11-13,43.5, ,-0.9,4.8,11.4
108,2013-11-14,55.1,1.0,3.1,6.7,9.9
108,2013-11-15,78.3,2.0,5.8,8.2,12.4
108,2013-11-16,72.0,2.0,2.4,7.0,12.0
108,2013-11-17,58.1,1.0,2.2,5.2,7.6
108,2013-11-18,53.6,0.0,-1.5,1.1,4.2
108,2013-11-19,53.9,0.0,-1.7,1.1,3.8
108,2013-11-20,38.8, ,-1.9,1.5,5.9
108,2013-11-21,48.8, ,-1.4,2.6,7.3
108,2013-11-22,57.9, ,-0.7,4.6,10.5
108,2013-11-23,64.6, ,2.2,7.1,12.5
108,2013-11-24,74.3,14.0,4.4,7.3,10.6
108,2013-11-25,64.6,9.5,-0.1,4.7,10.2
108,2013-11-26,60.9,1.5,-2.4,2.1,5.8
108,2013-11-27,66.8,1.7,-4.3,0.0,4.7
108,2013-11-28,48.9, ,-6.4,-3.8,-0.9
108,2013-11-29,52.9,0.0,-5.4,-0.7,4.8
108,2013-11-30,56.9, ,-1.1,5.3,10.6
108,2013-12-1,66.9, ,1.4,4.5,8.6
108,2013-12-2,64.3,0.0,0.1,3.9,6.6
108,2013-12-3,62.6, ,4.5,6.7,9.9
108,2013-12-4,72.8, ,2.1,5.5,9.6
108,2013-12-5,73.4, ,2.1,5.5,9.0
108,2013-12-6,42.6,0.0,-0.7,3.0,7.0
108,2013-12-7,60.8,0.1,3.8,6.2,11.0
108,2013-12-8,75.3,0.0,2.5,4.2,6.5
108,2013-12-9,83.1,14.0,1.9,3.8,5.2
108,2013-12-10,56.1, ,-2.2,0.3,3.5
108,2013-12-11,64.1,2.6,-4.3,-1.7,0.2
108,2013-12-12,69.9,4.1,-6.3,-3.2,0.3
108,2013-12-13,47.5, ,-8.9,-6.8,-4.3
108,2013-12-14,65.4,1.1,-8.5,-4.9,-1.4
108,2013-12-15,48.1, ,-8.0,-4.4,0.7
108,2013-12-16,52.6, ,-7.3,-3.6,0.5
108,2013-12-17,52.4, ,-5.5,-0.3,4.7
108,2013-12-18,65.1,0.8,-0.9,2.2,6.5
108,2013-12-19,60.6,0.3,-6.5,-3.5,-0.9
108,2013-12-20,56.3,0.0,-8.1,-4.0,-0.1
108,2013-12-21,56.4, ,-6.3,-3.1,0.9
108,2013-12-22,57.5, ,-6.8,-2.1,3.1
108,2013-12-23,57.1, ,-3.7,-1.1,2.3
108,2013-12-24,58.0, ,-5.9,-1.6,4.0
108,2013-12-25,60.4, ,-4.4,-0.5,3.7
108,2013-12-26,67.8,1.6,-4.0,-0.5,2.7
108,2013-12-27,49.5, ,-9.3,-6.8,-3.7
108,2013-12-28,44.1, ,-9.8,-6.5,-2.7
108,2013-12-29,59.8,0.1,-8.0,-2.9,1.6
108,2013-12-30,55.4, ,-1.9,2.2,6.3
108,2013-12-31,58.8, ,0.5,3.8,8.0
108,2014-1-1,51.3,0.0,0.3,4.0,7.9
108,2014-1-2,35.4, ,-1.3,1.5,6.2
108,2014-1-3,54.4, ,-1.1,2.3,7.3
108,2014-1-4,47.1, ,-3.7,-0.1,5.6
108,2014-1-5,48.4, ,-4.3,-0.8,3.8
108,2014-1-6,50.4, ,-3.7,0.8,6.4
108,2014-1-7,56.0,0.0,0.3,3.0,5.5
108,2014-1-8,56.6,0.0,-5.7,0.5,4.0
108,2014-1-9,26.3, ,-10.4,-7.8,-4.3
108,2014-1-10,48.6,0.0,-9.3,-4.7,-0.9
108,2014-1-11,44.1, ,-5.4,-1.7,2.4
108,2014-1-12,43.5,0.0,-7.7,-2.4,2.5
108,2014-1-13,26.0, ,-10.5,-6.2,-1.6
108,2014-1-14,33.8, ,-8.9,-4.3,1.1
108,2014-1-15,42.0, ,-7.6,-2.9,2.2
108,2014-1-16,59.9, ,-4.0,0.1,3.6
108,2014-1-17,55.9, ,-3.7,-0.1,3.8
108,2014-1-18,42.4, ,-4.9,-2.2,0.8
108,2014-1-19,44.8,0.0,-7.4,-2.6,2.4
108,2014-1-20,83.3,5.3,-4.2,-1.5,1.9
108,2014-1-21,62.6,0.7,-7.2,-5.5,-3.1
108,2014-1-22,60.0, ,-9.5,-3.9,1.6
108,2014-1-23,65.6, ,-5.2,-0.8,4.1
108,2014-1-24,64.4, ,-1.1,3.0,5.7
108,2014-1-25,74.4,3.0,-0.4,4.2,6.3
108,2014-1-26,42.1, ,-5.3,-2.1,2.3
108,2014-1-27,48.0, ,-5.4,0.2,6.0
108,2014-1-28,52.8,0.5,-3.0,1.5,4.6
108,2014-1-29,40.1, ,-5.3,2.2,8.2
108,2014-1-30,66.1,3.5,-1.0,4.0,6.5
108,2014-1-31,26.1, ,-4.3,1.3,7.0
108,2014-2-1,63.8,11.0,3.7,4.9,6.0
108,2014-2-2,91.6,0.5,2.8,4.9,6.5
108,2014-2-3,38.5, ,-8.2,-3.5,2.8
108,2014-2-4,25.9, ,-10.5,-7.4,-3.7
108,2014-2-5,27.5, ,-8.9,-4.8,0.3
108,2014-2-6,29.8, ,-5.2,-1.3,4.5
108,2014-2-7,47.3,0.0,-2.0,2.4,7.6
108,2014-2-8,79.4,4.3,-1.5,0.2,2.5
108,2014-2-9,76.5,0.2,-3.4,-1.6,0.7
108,2014-2-10,55.0,0.2,-2.9,-0.1,4.4
108,2014-2-11,42.1, ,-3.8,0.2,5.2
108,2014-2-12,49.3,0.0,-2.0,1.2,5.1
108,2014-2-13,46.1, ,-2.1,1.9,6.5
108,2014-2-14,47.3, ,-0.7,2.7,7.6
108,2014-2-15,54.6, ,-1.9,2.7,8.5
108,2014-2-16,53.3, ,-1.1,2.8,8.1
108,2014-2-17,45.5, ,0.9,4.2,8.5
108,2014-2-18,45.9, ,0.3,2.5,5.4
108,2014-2-19,48.6, ,-1.9,2.1,6.7
108,2014-2-20,61.5, ,-1.2,1.2,5.5
108,2014-2-21,49.1, ,-4.0,0.9,6.9
108,2014-2-22,49.3, ,-2.1,2.2,7.4
108,2014-2-23,50.6, ,-1.8,3.1,8.5
108,2014-2-24,58.0, ,-0.3,4.1,9.3
108,2014-2-25,59.9, ,0.6,5.7,12.3
108,2014-2-26,44.9, ,1.4,8.4,16.4
108,2014-2-27,55.4, ,3.8,7.7,13.1
108,2014-2-28,58.8, ,1.3,6.7,12.3
108,2014-3-1,61.1, ,3.3,6.0,9.4
108,2014-3-2,46.4, ,-0.2,4.5,10.1
108,2014-3-3,34.4, ,-1.0,5.2,11.9
108,2014-3-4,48.0, ,2.2,6.3,12.3
108,2014-3-5,44.8,0.0,-1.4,1.4,5.3
108,2014-3-6,43.4,0.0,-3.0,0.3,5.0
108,2014-3-7,45.9, ,-4.6,-0.6,4.3
108,2014-3-8,55.0, ,-2.2,2.0,7.0
108,2014-3-9,56.4,2.2,-1.6,1.4,4.8
108,2014-3-10,50.4, ,-3.6,1.5,7.7
108,2014-3-11,65.0, ,-0.9,4.5,9.4
108,2014-3-12,75.8,0.2,4.0,6.9,9.5
108,2014-3-13,54.5,0.0,1.6,5.2,8.3
108,2014-3-14,54.6, ,-1.5,3.4,8.5
108,2014-3-15,66.8, ,0.1,6.8,13.4
108,2014-3-16,68.3, ,5.7,11.3,18.5
108,2014-3-17,79.0,0.5,6.9,12.6,19.4
108,2014-3-18,75.3,0.4,7.7,10.5,16.0
108,2014-3-19,65.5, ,7.4,9.6,12.3
108,2014-3-20,71.3,0.4,2.8,6.3,10.3
108,2014-3-21,52.5, ,1.2,5.9,12.0
108,2014-3-22,63.5, ,2.3,8.6,15.5
108,2014-3-23,63.6, ,4.6,9.6,15.5
108,2014-3-24,60.5,0.0,4.6,10.9,15.3
108,2014-3-25,75.9,0.0,11.9,14.6,18.2
108,2014-3-26,64.6,0.0,11.8,15.4,21.9
108,2014-3-27,68.9, ,7.7,13.5,20.4
108,2014-3-28,57.3, ,11.3,16.6,23.8
108,2014-3-29,73.4,3.5,13.2,15.0,18.0
108,2014-3-30,63.5,0.0,10.2,14.9,20.6
108,2014-3-31,49.3, ,8.8,14.5,20.2
108,2014-4-1,33.8, ,9.5,15.6,23.0
108,2014-4-2,30.0, ,9.9,15.5,21.9
108,2014-4-3,63.0,0.5,5.5,10.2,13.6
108,2014-4-4,52.6, ,2.3,6.6,11.7
108,2014-4-5,60.5,0.0,3.5,6.2,11.0
108,2014-4-6,50.6, ,2.3,7.4,12.8
108,2014-4-7,64.9, ,4.9,10.3,16.7
108,2014-4-8,60.9, ,5.7,11.9,19.7
108,2014-4-9,85.3, ,7.0,10.3,15.3
108,2014-4-10,71.5, ,7.2,12.5,20.0
108,2014-4-11,69.5, ,10.1,13.6,18.7
108,2014-4-12,68.8, ,11.1,14.3,17.2
108,2014-4-13,54.9, ,13.2,17.2,24.3
108,2014-4-14,53.3, ,12.1,16.3,22.4
108,2014-4-15,80.1, ,9.3,12.9,16.8
108,2014-4-16,81.0, ,10.0,14.0,19.4
108,2014-4-17,67.4,3.0,8.4,14.7,20.9
108,2014-4-18,59.9, ,12.0,15.9,23.0
108,2014-4-19,56.0, ,11.4,14.0,18.4
108,2014-4-20,54.4, ,10.0,14.6,21.6
108,2014-4-21,55.1, ,9.8,15.1,21.4
108,2014-4-22,43.1, ,9.6,16.0,23.3
108,2014-4-23,49.4, ,10.4,17.2,24.9
108,2014-4-24,49.0, ,12.1,18.6,26.2
108,2014-4-25,32.5, ,12.3,19.0,25.9
108,2014-4-26,38.9, ,13.3,18.7,25.4
108,2014-4-27,86.6,8.5,13.6,15.6,18.3
108,2014-4-28,91.6,13.5,12.2,13.6,15.0
108,2014-4-29,69.5,5.5,11.9,15.0,18.9
108,2014-4-30,62.1,0.0,11.4,16.1,21.4
108,2014-5-1,60.5, ,10.4,16.0,22.1
108,2014-5-2,70.9,1.0,11.1,15.7,24.8
108,2014-5-3,54.6, ,8.0,13.1,19.3
108,2014-5-4,57.8,0.2,8.5,12.3,20.5
108,2014-5-5,56.5, ,6.8,11.3,15.5
108,2014-5-6,45.9, ,7.6,13.1,19.0
108,2014-5-7,48.3,2.0,8.7,15.7,22.3
108,2014-5-8,83.9,4.0,11.5,14.5,19.5
108,2014-5-9,60.8, ,9.8,16.8,23.8
108,2014-5-10,43.4, ,12.9,20.5,28.3
108,2014-5-11,54.4,23.0,15.9,18.9,23.8
108,2014-5-12,79.1,10.0,13.6,16.4,20.4
108,2014-5-13,69.9, ,11.9,19.2,25.6
108,2014-5-14,59.1, ,15.3,19.6,25.9
108,2014-5-15,66.9,0.3,14.5,18.2,23.7
108,2014-5-16,50.3, ,12.3,19.0,26.2
108,2014-5-17,48.0, ,14.3,20.0,26.2
108,2014-5-18,50.1, ,13.7,20.3,27.1
108,2014-5-19,55.1, ,14.1,20.0,26.2
108,2014-5-20,45.4, ,16.1,21.5,28.4
108,2014-5-21,65.3, ,15.9,20.1,26.5
108,2014-5-22,63.4, ,13.6,20.9,28.3
108,2014-5-23,68.4, ,17.6,22.0,27.8
108,2014-5-24,68.8, ,16.9,21.3,27.9
108,2014-5-25,78.9,21.0,18.3,20.5,24.9
108,2014-5-26,67.4,1.5,16.5,19.4,24.7
108,2014-5-27,49.5, ,16.7,22.8,28.3
108,2014-5-28,60.8, ,19.9,24.0,29.8
108,2014-5-29,54.6, ,17.5,23.2,30.9
108,2014-5-30,42.5, ,17.3,24.8,31.8
108,2014-5-31,50.3, ,20.5,26.2,33.3
108,2014-6-1,58.1, ,20.4,24.7,29.9
108,2014-6-2,73.5,2.0,20.6,22.6,24.6
108,2014-6-3,95.3,33.0,17.5,18.7,21.0
108,2014-6-4,61.5, ,18.7,22.8,27.8
108,2014-6-5,58.8, ,20.4,22.9,26.1
108,2014-6-6,58.9, ,18.8,24.4,31.1
108,2014-6-7,65.1, ,19.7,23.5,27.1
108,2014-6-8,75.3, ,19.2,21.4,24.5
108,2014-6-9,70.8, ,18.5,22.9,28.7
108,2014-6-10,72.0,5.5,20.0,23.6,29.3
108,2014-6-11,87.1,19.0,18.3,20.5,26.9
108,2014-6-12,73.9,0.1,17.3,21.2,27.1
108,2014-6-13,79.0,0.0,18.4,21.3,25.8
108,2014-6-14,71.6, ,18.3,22.5,27.7
108,2014-6-15,69.9, ,19.5,23.2,28.5
108,2014-6-16,66.4, ,19.1,23.9,29.0
108,2014-6-17,71.8,3.5,21.5,24.5,30.7
108,2014-6-18,71.3,0.1,20.5,24.4,29.1
108,2014-6-19,79.3,0.0,20.8,22.5,25.6
108,2014-6-20,76.5,1.5,20.7,24.2,28.6
108,2014-6-21,80.9,8.5,19.8,23.1,28.2
108,2014-6-22,74.4,0.4,20.2,23.7,29.0
108,2014-6-23,91.4,24.5,19.4,21.0,23.2
108,2014-6-24,74.6, ,19.4,22.9,27.2
108,2014-6-25,74.1, ,20.2,23.8,29.0
108,2014-6-26,68.0, ,20.2,24.4,29.5
108,2014-6-27,74.8, ,20.6,24.1,29.5
108,2014-6-28,71.6,0.0,21.3,23.8,28.4
108,2014-6-29,70.3, ,20.9,24.1,29.8
108,2014-6-30,68.0, ,21.2,25.3,30.2
108,2014-7-1,67.8, ,21.1,26.0,31.2
108,2014-7-2,77.3,20.5,22.1,25.7,31.1
108,2014-7-3,85.5,2.0,21.4,22.6,24.7
108,2014-7-4,62.1, ,21.6,26.8,32.3
108,2014-7-5,70.4, ,22.3,25.7,29.7
108,2014-7-6,65.8, ,23.0,25.7,29.5
108,2014-7-7,61.4, ,20.8,27.1,33.8
108,2014-7-8,73.0,0.2,23.7,25.9,29.3
108,2014-7-9,78.3,0.5,25.6,27.6,33.0
108,2014-7-10,57.9, ,24.6,28.9,33.6
108,2014-7-11,63.4, ,23.0,27.1,32.8
108,2014-7-12,74.3, ,22.9,25.3,29.6
108,2014-7-13,73.4, ,23.0,25.4,29.4
108,2014-7-14,70.8, ,22.8,26.4,30.7
108,2014-7-15,69.4, ,23.9,26.8,32.3
108,2014-7-16,68.4, ,23.5,26.6,32.2
108,2014-7-17,75.9,0.2,23.6,25.9,29.6
108,2014-7-18,80.5,1.5,22.6,26.1,30.6
108,2014-7-19,79.8, ,24.7,27.0,30.7
108,2014-7-20,75.8, ,24.6,27.9,33.2
108,2014-7-21,73.9, ,24.4,27.3,31.6
108,2014-7-22,83.9,16.5,24.6,25.9,28.2
108,2014-7-23,90.0,55.0,21.7,23.6,25.2
108,2014-7-24,92.8,48.0,19.1,21.9,24.5
108,2014-7-25,81.9,59.5,22.1,27.5,33.7
108,2014-7-26,86.1,2.5,20.8,22.6,27.3
108,2014-7-27,75.0, ,21.4,25.0,30.6
108,2014-7-28,71.6, ,21.6,26.6,31.3
108,2014-7-29,68.4, ,23.4,26.5,30.1
108,2014-7-30,70.6, ,25.0,28.6,33.5
108,2014-7-31,75.9,1.5,25.8,28.6,34.4
108,2014-8-1,63.4, ,24.7,30.2,34.7
108,2014-8-2,55.0,0.0,28.7,31.4,35.8
108,2014-8-3,87.6,13.0,24.1,26.5,30.5
108,2014-8-4,93.0,6.5,24.7,26.4,29.6
108,2014-8-5,87.5,0.0,25.0,26.6,29.2
108,2014-8-6,92.4,10.5,22.5,24.4,26.2
108,2014-8-7,91.1,0.2,22.6,24.7,27.1
108,2014-8-8,62.3, ,21.9,26.1,30.6
108,2014-8-9,48.4, ,22.3,26.5,31.6
108,2014-8-10,79.4,42.5,19.6,23.4,27.7
108,2014-8-11,78.4, ,18.3,23.7,28.6
108,2014-8-12,77.8, ,22.3,25.8,30.4
108,2014-8-13,75.3,0.0,22.5,24.2,26.7
108,2014-8-14,78.6,0.5,21.4,22.3,24.2
108,2014-8-15,72.9, ,20.9,24.9,29.6
108,2014-8-16,73.9, ,22.2,26.1,31.8
108,2014-8-17,81.1,3.0,22.9,24.0,25.0
108,2014-8-18,90.0,11.5,20.9,22.3,24.4
108,2014-8-19,96.6,4.5,20.4,22.3,25.3
108,2014-8-20,86.0,0.5,22.4,24.8,28.0
108,2014-8-21,96.5,46.5,21.8,23.1,24.6
108,2014-8-22,83.4,15.0,21.8,24.7,28.2
108,2014-8-23,79.5,0.5,22.8,25.2,29.7
108,2014-8-24,75.5,0.1,20.7,25.6,30.7
108,2014-8-25,71.8,0.0,24.1,25.9,28.6
108,2014-8-26,71.4,11.5,21.6,25.4,29.6
108,2014-8-27,66.8, ,21.1,24.6,28.6
108,2014-8-28,65.3, ,19.8,25.1,30.7
108,2014-8-29,71.9,6.5,21.0,25.2,30.1
108,2014-8-30,71.6, ,19.9,24.6,30.7
108,2014-8-31,68.6, ,20.7,24.1,29.0
108,2014-9-1,72.5,1.5,20.4,24.1,29.7
108,2014-9-2,73.6,6.0,19.3,23.1,27.7
108,2014-9-3,99.8,57.5,17.4,19.1,20.6
108,2014-9-4,79.4, ,18.0,22.4,27.6
108,2014-9-5,76.0, ,20.0,23.8,29.0
108,2014-9-6,66.9, ,20.3,25.2,30.8
108,2014-9-7,72.1, ,19.8,25.3,31.3
108,2014-9-8,75.0, ,20.6,24.8,30.2
108,2014-9-9,66.5, ,19.9,23.3,28.2
108,2014-9-10,60.6, ,16.7,22.4,28.9
108,2014-9-11,61.1, ,17.5,23.3,29.2
108,2014-9-12,74.9,0.1,18.6,21.3,26.6
108,2014-9-13,60.9, ,18.6,23.1,28.3
108,2014-9-14,60.6, ,18.2,23.0,28.4
108,2014-9-15,64.9, ,20.6,23.1,27.5
108,2014-9-16,43.8, ,15.8,21.3,27.0
108,2014-9-17,52.3, ,17.6,20.2,22.6
108,2014-9-18,56.5, ,16.2,20.6,27.0
108,2014-9-19,55.0, ,14.9,21.4,28.4
108,2014-9-20,52.5, ,15.4,21.6,28.1
108,2014-9-21,61.6,0.0,17.5,20.2,25.6
108,2014-9-22,57.5, ,15.0,21.4,27.9
108,2014-9-23,52.1, ,18.1,23.0,29.0
108,2014-9-24,77.9,6.5,18.0,20.3,23.8
108,2014-9-25,66.9, ,17.7,22.2,27.7
108,2014-9-26,78.1,0.0,18.6,21.0,24.2
108,2014-9-27,79.0, ,18.3,21.4,25.1
108,2014-9-28,85.5,0.5,19.2,21.7,24.7
108,2014-9-29,99.0,16.0,17.7,19.4,20.7
108,2014-9-30,72.5, ,15.4,18.9,23.7
108,2014-10-1,68.6, ,14.9,19.2,24.4
108,2014-10-2,89.0,9.0,17.1,18.1,20.1
108,2014-10-3,74.3, ,13.4,16.1,20.8
108,2014-10-4,62.0, ,11.6,16.9,23.0
108,2014-10-5,53.1, ,12.5,17.1,23.2
108,2014-10-6,57.0, ,10.5,16.6,22.6
108,2014-10-7,64.8, ,11.6,16.1,22.5
108,2014-10-8,61.5, ,10.0,16.7,23.6
108,2014-10-9,60.4, ,12.4,18.6,25.4
108,2014-10-10,63.3, ,12.5,19.0,26.3
108,2014-10-11,57.4, ,13.6,19.4,25.6
108,2014-10-12,48.5, ,13.9,21.2,29.0
108,2014-10-13,51.9, ,11.0,17.4,21.7
108,2014-10-14,51.8, ,8.5,13.8,20.0
108,2014-10-15,60.4, ,8.9,13.8,20.0
108,2014-10-16,53.8,2.5,9.3,13.2,18.0
108,2014-10-17,53.8, ,6.6,13.6,21.2
108,2014-10-18,68.9, ,9.4,15.5,22.5
108,2014-10-19,61.0, ,11.2,17.0,22.7
108,2014-10-20,97.8,21.5,12.9,14.4,17.1
108,2014-10-21,92.8,18.5,11.9,13.8,15.7
108,2014-10-22,69.0, ,10.4,13.6,18.7
108,2014-10-23,67.8, ,8.5,13.8,20.6
108,2014-10-24,78.0, ,9.9,15.1,21.0
108,2014-10-25,81.1, ,12.9,16.5,22.2
108,2014-10-26,76.9,0.5,11.6,16.0,19.9
108,2014-10-27,35.3, ,6.1,10.7,16.9
108,2014-10-28,43.4, ,2.7,10.2,19.4
108,2014-10-29,46.4, ,4.9,12.1,20.8
108,2014-10-30,45.8, ,7.7,14.2,20.8
108,2014-10-31,62.1,0.2,12.8,15.0,18.2
108,2014-11-1,63.4, ,15.1,17.3,22.9
108,2014-11-2,50.5,2.5,7.1,12.0,15.4
108,2014-11-3,40.9, ,3.8,9.3,14.8
108,2014-11-4,60.5, ,5.4,11.3,18.5
108,2014-11-5,65.6, ,6.4,12.4,18.4
108,2014-11-6,61.0,0.5,9.5,13.5,17.7
108,2014-11-7,52.5, ,5.1,9.8,16.5
108,2014-11-8,61.9, ,6.9,9.9,15.1
108,2014-11-9,46.3, ,6.3,10.0,15.5
108,2014-11-10,49.9, ,3.5,9.4,16.5
108,2014-11-11,67.4,2.0,4.6,9.4,14.5
108,2014-11-12,50.6,5.0,-1.3,6.0,10.0
108,2014-11-13,38.5, ,-3.1,-0.2,4.3
108,2014-11-14,54.0,0.0,-1.4,4.2,10.0
108,2014-11-15,38.3, ,-0.5,4.1,9.5
108,2014-11-16,42.6,1.0,2.6,6.6,12.4
108,2014-11-17,75.5,1.5,3.8,6.2,9.0
108,2014-11-18,53.4, ,1.7,5.0,10.4
108,2014-11-19,55.4, ,-0.6,5.6,12.6
108,2014-11-20,61.9, ,2.7,7.9,14.6
108,2014-11-21,62.5, ,5.9,11.3,16.5
108,2014-11-22,90.9,4.0,8.0,11.0,12.7
108,2014-11-23,80.0, ,6.3,9.0,12.3
108,2014-11-24,59.8, ,8.0,9.8,13.2
108,2014-11-25,56.0, ,6.6,10.2,15.1
108,2014-11-26,58.8, ,8.2,11.0,16.3
108,2014-11-27,69.9, ,6.7,10.4,14.9
108,2014-11-28,88.0,18.0,6.5,8.8,10.1
108,2014-11-29,83.9, ,5.5,8.3,12.8
108,2014-11-30,88.1,7.0,7.2,9.1,11.1
108,2014-12-1,58.8,0.5,-7.2,-1.1,7.9
108,2014-12-2,42.3,0.0,-8.2,-5.4,-2.7
108,2014-12-3,70.6,0.9,-6.5,-3.3,-0.5
108,2014-12-4,43.0,0.0,-7.4,-4.6,-0.2
108,2014-12-5,45.5, ,-10.1,-6.6,-2.5
108,2014-12-6,47.5, ,-8.8,-5.6,-0.5
108,2014-12-7,43.9, ,-8.2,-3.4,0.2
108,2014-12-8,48.4, ,-4.8,-1.6,2.7
108,2014-12-9,44.1, ,-7.4,-2.4,4.1
108,2014-12-10,58.8,2.0,-1.9,1.6,4.2
108,2014-12-11,64.8,0.5,-5.2,-1.5,3.2
108,2014-12-12,70.4,0.1,-7.0,-3.8,0.5
108,2014-12-13,45.8, ,-7.3,-5.2,-2.0
108,2014-12-14,60.5,0.0,-8.6,-3.6,0.6
108,2014-12-15,90.6,10.5,-1.7,-0.1,2.0
108,2014-12-16,58.9,0.0,-9.4,-4.9,1.7
108,2014-12-17,41.0, ,-11.1,-9.0,-5.2
108,2014-12-18,39.9, ,-13.2,-8.3,-2.2
108,2014-12-19,54.5,0.9,-8.1,-3.8,0.0
108,2014-12-20,66.0,2.0,-6.6,-1.7,2.1
108,2014-12-21,58.5,0.0,-9.0,-6.4,-1.3
108,2014-12-22,64.6,0.3,-9.7,-4.7,0.8
108,2014-12-23,67.1, ,-5.7,-1.3,1.8
108,2014-12-24,66.8,0.2,-3.1,1.7,6.4
108,2014-12-25,52.0, ,-5.9,-2.6,1.8
108,2014-12-26,45.6, ,-7.4,-3.2,2.5
108,2014-12-27,46.8, ,-6.3,-1.8,5.0
108,2014-12-28,64.1, ,-3.6,-0.8,1.6
108,2014-12-29,73.1, ,-0.5,2.9,6.4
108,2014-12-30,62.8, ,-1.6,1.9,6.3
108,2014-12-31,47.4,0.0,-6.9,-1.9,1.7
108,2015-1-1,41.4, ,-9.8,-7.7,-4.3
108,2015-1-2,45.9, ,-9.0,-6.0,-1.9
108,2015-1-3,56.1, ,-9.2,-2.7,3.1
108,2015-1-4,70.1,0.0,0.2,2.5,8.5
108,2015-1-5,73.1,0.4,-1.1,3.7,7.9
108,2015-1-6,52.4,3.0,-7.6,-3.2,4.0
108,2015-1-7,33.1, ,-8.9,-5.5,-0.6
108,2015-1-8,45.8, ,-9.5,-5.1,-0.2
108,2015-1-9,58.3, ,-6.8,-2.1,3.5
108,2015-1-10,56.5, ,-5.6,-0.3,4.8
108,2015-1-11,57.8, ,-4.3,-0.4,2.5
108,2015-1-12,37.8, ,-7.3,-2.7,3.7
108,2015-1-13,39.6, ,-5.1,0.2,5.8
108,2015-1-14,41.1, ,-0.3,2.5,6.1
108,2015-1-15,53.6, ,-1.1,2.8,9.0
108,2015-1-16,73.0,0.3,-2.5,0.8,3.4
108,2015-1-17,46.0, ,-7.7,-4.1,0.0
108,2015-1-18,68.4,4.0,-6.5,-1.3,2.1
108,2015-1-19,68.1,0.1,-4.0,-0.1,3.1
108,2015-1-20,55.8, ,-6.4,-0.9,4.4
108,2015-1-21,58.3, ,-1.2,2.6,6.5
108,2015-1-22,60.6, ,0.8,3.1,7.1
108,2015-1-23,66.4, ,-1.6,1.2,4.9
108,2015-1-24,62.9, ,0.8,3.7,8.4
108,2015-1-25,78.4,3.0,1.1,3.0,5.0
108,2015-1-26,87.5,0.5,0.2,3.6,6.5
108,2015-1-27,55.4, ,-7.4,-3.6,0.5
108,2015-1-28,49.3, ,-9.1,-4.1,2.7
108,2015-1-29,56.4, ,-4.6,-1.1,3.0
108,2015-1-30,51.8, ,-7.0,-3.3,0.8
108,2015-1-31,46.4, ,-8.5,-4.5,0.8
108,2015-2-1,44.9, ,-8.2,-3.0,3.6
108,2015-2-2,47.3, ,-5.3,-0.6,6.4
108,2015-2-3,54.5, ,-3.5,0.6,7.2
108,2015-2-4,64.5, ,-3.1,0.4,5.8
108,2015-2-5,57.1, ,-3.8,-0.1,4.8
108,2015-2-6,57.3, ,-4.3,0.4,6.5
108,2015-2-7,65.3, ,-2.7,1.2,5.7
108,2015-2-8,34.1, ,-11.9,-9.8,-2.8
108,2015-2-9,54.6,0.2,-13.0,-5.7,-0.1
108,2015-2-10,69.0, ,-2.0,1.7,5.8
108,2015-2-11,60.3, ,-0.8,2.7,8.0
108,2015-2-12,36.8, ,-4.7,-2.2,1.6
108,2015-2-13,46.4, ,-6.4,-1.6,4.0
108,2015-2-14,72.9, ,-3.1,2.0,6.6
108,2015-2-15,61.6, ,3.2,7.9,13.0
108,2015-2-16,91.9,10.5,4.1,5.0,7.9
108,2015-2-17,78.5,0.5,0.5,1.9,4.1
108,2015-2-18,72.0,0.0,-1.5,0.8,3.3
108,2015-2-19,67.1, ,-2.7,2.2,8.6
108,2015-2-20,55.3, ,-1.3,5.2,11.4
108,2015-2-21,79.0,8.0,4.8,5.7,6.7
108,2015-2-22,78.0,2.5,-0.7,3.5,7.0
108,2015-2-23,60.4, ,-2.4,0.9,5.9
108,2015-2-24,60.0, ,-1.1,2.1,7.5
108,2015-2-25,48.6,0.5,0.2,5.4,12.5
108,2015-2-26,56.9,0.5,-3.5,1.2,4.7
108,2015-2-27,35.6, ,-5.6,-1.3,4.8
108,2015-2-28,40.5, ,-2.0,2.7,6.4
108,2015-3-1,56.8,0.0,-0.2,2.4,5.9
108,2015-3-2,43.5, ,-1.9,3.9,9.7
108,2015-3-3,69.5,5.5,-1.3,2.8,6.7
108,2015-3-4,43.4, ,-4.6,-2.1,1.4
108,2015-3-5,41.1, ,-5.4,-0.3,5.5
108,2015-3-6,37.8, ,-3.2,2.9,10.4
108,2015-3-7,45.5, ,-2.3,4.2,11.0
108,2015-3-8,42.5, ,0.4,7.7,15.1
108,2015-3-9,43.4, ,-5.4,2.2,8.2
108,2015-3-10,30.6, ,-6.9,-3.4,1.0
108,2015-3-11,45.1, ,-5.1,0.4,7.5
108,2015-3-12,41.0, ,-3.5,2.1,6.7
108,2015-3-13,45.4,0.1,1.8,5.6,11.0
108,2015-3-14,31.4, ,-1.2,4.3,11.6
108,2015-3-15,42.0, ,0.0,5.5,12.5
108,2015-3-16,44.4, ,1.3,9.8,18.6
108,2015-3-17,51.9,0.0,6.9,10.7,16.1
108,2015-3-18,61.5,1.5,8.4,10.7,14.4
108,2015-3-19,50.9, ,6.5,12.4,21.0
108,2015-3-20,32.5, ,7.6,13.4,21.9
108,2015-3-21,31.0, ,6.9,11.7,17.8
108,2015-3-22,33.3, ,2.2,8.3,14.9
108,2015-3-23,24.3, ,0.0,4.6,10.1
108,2015-3-24,32.8, ,-0.9,5.4,12.4
108,2015-3-25,45.9, ,0.1,6.5,14.2
108,2015-3-26,47.5, ,1.6,7.9,14.8
108,2015-3-27,50.5, ,3.2,9.1,16.2
108,2015-3-28,35.0, ,2.5,9.7,17.0
108,2015-3-29,61.9, ,7.0,10.5,16.5
108,2015-3-30,57.4, ,5.9,13.2,20.8
108,2015-3-31,80.6,2.5,10.0,12.9,14.9
108,2015-4-1,67.9,2.5,10.0,12.9,17.6
108,2015-4-2,70.5,28.0,8.5,14.8,21.8
108,2015-4-3,83.4,3.5,6.9,10.6,15.1
108,2015-4-4,48.0,0.0,8.9,13.5,18.5
108,2015-4-5,75.1,0.5,10.1,10.5,12.2
108,2015-4-6,55.8, ,6.9,10.3,15.4
108,2015-4-7,59.5,0.0,5.5,8.4,12.2
108,2015-4-8,52.5, ,3.5,8.3,13.7
108,2015-4-9,43.0, ,3.8,9.6,16.3
108,2015-4-10,40.5, ,4.6,11.6,19.2
108,2015-4-11,39.3, ,6.7,13.5,20.7
108,2015-4-12,30.6, ,9.1,14.9,20.4
108,2015-4-13,53.9,6.5,7.4,12.0,17.6
108,2015-4-14,89.9,10.5,5.8,6.9,8.0
108,2015-4-15,72.0,1.0,5.6,11.1,17.0
108,2015-4-16,69.5,7.0,6.9,9.9,14.8
108,2015-4-17,45.4, ,4.8,10.5,16.1
108,2015-4-18,31.9,0.0,5.2,15.2,23.7
108,2015-4-19,74.8,12.0,11.2,14.5,17.3
108,2015-4-20,75.3,5.5,10.3,12.2,16.8
108,2015-4-21,46.0, ,7.7,14.0,20.9
108,2015-4-22,47.0,0.0,9.3,14.2,20.7
108,2015-4-23,41.1, ,8.0,14.5,20.1
108,2015-4-24,38.3, ,10.4,15.7,22.8
108,2015-4-25,31.3, ,9.2,15.9,23.0
108,2015-4-26,37.6, ,9.9,17.3,24.4
108,2015-4-27,39.3, ,12.7,18.5,24.9
108,2015-4-28,38.6,0.0,12.3,20.3,26.9
108,2015-4-29,77.0,3.5,15.8,17.0,18.4
108,2015-4-30,56.6, ,15.1,21.2,28.3
108,2015-5-1,58.8, ,15.9,21.0,27.2
108,2015-5-2,64.4,0.5,15.8,20.7,26.0
108,2015-5-3,90.4,3.5,17.1,18.3,19.6
108,2015-5-4,45.9, ,12.5,16.1,20.1
108,2015-5-5,37.9, ,8.3,14.2,19.9
108,2015-5-6,36.3, ,9.8,15.4,22.0
108,2015-5-7,35.6, ,10.6,16.5,24.0
108,2015-5-8,64.3, ,11.7,16.7,22.7
108,2015-5-9,55.0, ,12.6,17.6,24.0
108,2015-5-10,39.6, ,13.5,19.1,25.9
108,2015-5-11,62.1,14.0,14.4,18.4,24.1
108,2015-5-12,75.9,9.5,10.3,13.3,17.5
108,2015-5-13,56.9,0.0,11.8,17.4,21.4
108,2015-5-14,63.8, ,15.3,20.4,26.6
108,2015-5-15,71.0, ,16.3,19.1,23.7
108,2015-5-16,41.3, ,11.6,18.0,25.2
108,2015-5-17,40.4, ,11.7,18.6,25.2
108,2015-5-18,53.9, ,13.7,17.7,22.2
108,2015-5-19,88.9,1.0,13.0,14.8,16.2
108,2015-5-20,60.0, ,10.6,16.3,21.9
108,2015-5-21,50.1, ,12.6,18.7,26.0
108,2015-5-22,45.3, ,13.7,20.0,27.2
108,2015-5-23,38.5, ,13.6,20.6,28.3
108,2015-5-24,37.3, ,14.0,21.0,28.5
108,2015-5-25,53.1, ,14.4,20.8,28.7
108,2015-5-26,48.9, ,14.1,21.5,30.3
108,2015-5-27,32.9, ,14.4,23.2,31.5
108,2015-5-28,27.1, ,16.7,24.3,32.2
108,2015-5-29,36.8, ,18.5,23.8,29.8
108,2015-5-30,71.0,0.4,17.0,19.8,23.2
108,2015-5-31,52.8, ,15.3,22.1,30.4
108,2015-6-1,44.6, ,15.8,21.7,28.5
108,2015-6-2,46.9, ,18.1,23.1,29.8
108,2015-6-3,33.3, ,17.1,23.3,29.4
108,2015-6-4,28.9, ,17.1,24.2,31.5
108,2015-6-5,58.8,1.0,17.5,19.1,22.0
108,2015-6-6,50.4, ,16.4,22.4,28.9
108,2015-6-7,46.8, ,18.7,23.4,31.5
108,2015-6-8,54.9, ,18.2,22.4,27.8
108,2015-6-9,66.3, ,18.8,22.2,28.1
108,2015-6-10,54.3, ,17.6,25.3,34.9
108,2015-6-11,59.6,7.5,20.7,24.6,30.2
108,2015-6-12,63.1,0.5,19.4,23.6,29.9
108,2015-6-13,61.9,0.5,20.1,24.7,30.9
108,2015-6-14,70.3,15.5,17.8,22.8,27.7
108,2015-6-15,65.6, ,19.6,24.2,30.6
108,2015-6-16,65.9, ,20.0,25.0,30.9
108,2015-6-17,72.8,9.5,20.2,23.4,30.8
108,2015-6-18,59.4,3.0,19.6,24.8,31.3
108,2015-6-19,57.8, ,20.0,24.5,29.9
108,2015-6-20,91.0,44.5,17.0,19.6,22.6
108,2015-6-21,69.1, ,15.6,22.4,29.6
108,2015-6-22,60.4, ,19.4,24.0,29.1
108,2015-6-23,64.1, ,19.7,24.7,31.0
108,2015-6-24,58.3, ,21.1,25.7,30.6
108,2015-6-25,65.1,2.0,21.0,24.8,29.1
108,2015-6-26,75.8,12.5,18.0,21.0,25.3
108,2015-6-27,55.3, ,19.2,25.2,31.1
108,2015-6-28,61.8, ,21.0,25.4,31.1
108,2015-6-29,61.8,0.0,21.2,25.7,30.6
108,2015-6-30,70.0,2.5,21.9,24.4,29.2
108,2015-7-1,66.3,0.5,21.0,23.7,27.9
108,2015-7-2,64.5, ,20.4,23.7,29.3
108,2015-7-3,62.6, ,19.2,23.3,28.3
108,2015-7-4,55.8, ,18.2,24.1,29.9
108,2015-7-5,57.4, ,20.1,24.2,29.6
108,2015-7-6,54.3, ,20.2,25.3,32.5
108,2015-7-7,52.1, ,21.4,25.6,29.7
108,2015-7-8,69.8,0.5,20.7,23.4,26.3
108,2015-7-9,61.3, ,22.1,26.5,31.8
108,2015-7-10,60.9, ,23.6,29.2,34.3
108,2015-7-11,60.3,0.0,25.7,30.4,36.0
108,2015-7-12,94.1,29.0,24.0,24.8,28.0
108,2015-7-13,90.8,10.0,21.4,23.1,24.9
108,2015-7-14,72.4, ,22.5,26.1,31.4
108,2015-7-15,58.8, ,22.7,27.9,33.9
108,2015-7-16,51.3, ,20.6,24.7,28.9
108,2015-7-17,49.8, ,18.4,23.6,28.6
108,2015-7-18,63.5,0.5,22.3,24.3,27.8
108,2015-7-19,77.4,5.0,21.3,25.1,29.8
108,2015-7-20,71.4, ,24.4,27.5,31.2
108,2015-7-21,81.6,11.0,24.6,27.0,29.6
108,2015-7-22,76.9,1.0,25.3,27.7,31.7
108,2015-7-23,81.0,16.0,24.9,26.9,32.1
108,2015-7-24,96.9,26.5,22.6,24.7,25.4
108,2015-7-25,95.1,80.0,24.4,25.0,26.4
108,2015-7-26,85.5,40.5,23.5,26.0,30.0
108,2015-7-27,86.0,1.5,24.4,26.2,30.0
108,2015-7-28,74.4,0.0,24.6,27.7,31.2
108,2015-7-29,82.9,4.0,24.8,26.7,28.8
108,2015-7-30,76.4, ,25.5,28.6,33.1
108,2015-7-31,74.3, ,26.2,27.9,32.4
108,2015-8-1,72.8, ,26.0,28.2,31.6
108,2015-8-2,84.3,16.5,24.1,26.5,29.2
108,2015-8-3,71.5,0.0,25.6,27.9,31.5
108,2015-8-4,73.3, ,25.4,27.5,30.8
108,2015-8-5,67.0,0.1,25.9,28.6,32.7
108,2015-8-6,64.5, ,24.5,29.3,34.4
108,2015-8-7,71.3,11.0,26.0,28.9,34.4
108,2015-8-8,79.1,7.5,24.3,26.6,33.0
108,2015-8-9,74.4, ,23.3,26.7,31.0
108,2015-8-10,72.1, ,23.9,27.0,32.0
108,2015-8-11,73.6, ,24.5,26.8,30.6
108,2015-8-12,67.5, ,22.1,27.3,32.9
108,2015-8-13,68.6,0.0,23.9,26.5,31.1
108,2015-8-14,66.4, ,22.7,26.9,32.5
108,2015-8-15,70.4,0.1,23.1,27.1,30.8
108,2015-8-16,74.9,29.0,20.7,25.8,31.2
108,2015-8-17,61.5, ,19.8,26.6,32.9
108,2015-8-18,59.9, ,24.1,27.9,32.2
108,2015-8-19,70.3,0.0,24.2,26.8,29.7
108,2015-8-20,75.5,0.4,24.2,25.4,28.1
108,2015-8-21,78.3,2.5,23.0,25.2,29.3
108,2015-8-22,69.8,0.0,23.4,25.5,29.6
108,2015-8-23,65.5, ,20.9,26.3,31.7
108,2015-8-24,60.6, ,23.3,26.3,30.3
108,2015-8-25,76.4,5.5,19.2,21.7,24.5
108,2015-8-26,68.4,0.0,18.9,21.9,25.3
108,2015-8-27,61.1,0.0,21.2,24.7,30.0
108,2015-8-28,69.4,0.3,19.0,23.2,28.1
108,2015-8-29,65.8, ,19.0,24.4,30.8
108,2015-8-30,65.9,0.0,19.9,24.9,31.0
108,2015-8-31,62.9, ,21.0,25.9,31.2
108,2015-9-1,59.4, ,22.6,25.9,30.7
108,2015-9-2,72.8,0.5,22.0,23.9,27.7
108,2015-9-3,75.1,18.0,19.8,23.9,28.2
108,2015-9-4,68.5, ,20.6,24.8,30.7
108,2015-9-5,79.8,5.0,19.4,21.9,23.6
108,2015-9-6,60.4, ,19.3,22.2,26.2
108,2015-9-7,52.9, ,16.8,22.6,28.7
108,2015-9-8,43.6, ,16.2,22.7,28.9
108,2015-9-9,42.9, ,15.3,22.4,30.1
108,2015-9-10,62.3, ,17.0,22.4,28.4
108,2015-9-11,76.4,2.5,16.8,21.0,24.4
108,2015-9-12,60.4, ,15.5,19.2,24.0
108,2015-9-13,54.1, ,15.2,20.2,26.0
108,2015-9-14,61.1, ,16.4,22.1,27.8
108,2015-9-15,48.5, ,17.4,22.8,28.7
108,2015-9-16,45.5, ,16.0,21.6,26.7
108,2015-9-17,46.4, ,15.5,21.4,27.6
108,2015-9-18,52.1, ,15.9,21.9,29.2
108,2015-9-19,58.3, ,17.0,22.3,29.0
108,2015-9-20,69.0, ,17.9,22.1,28.3
108,2015-9-21,62.1, ,16.5,22.6,29.4
108,2015-9-22,48.4, ,18.0,23.9,31.0
108,2015-9-23,57.9, ,19.0,22.0,26.1
108,2015-9-24,56.4, ,17.5,23.4,30.6
108,2015-9-25,56.5, ,19.0,23.4,29.8
108,2015-9-26,54.5, ,17.9,22.4,28.0
108,2015-9-27,39.4, ,14.2,21.9,29.8
108,2015-9-28,39.6,0.0,15.5,21.4,28.3
108,2015-9-29,36.6, ,15.9,22.1,28.2
108,2015-9-30,45.3, ,19.4,21.3,26.2
108,2015-10-1,77.5,35.0,10.7,16.3,19.7
108,2015-10-2,53.5, ,8.6,16.5,21.5
108,2015-10-3,49.4, ,13.3,19.2,24.5
108,2015-10-4,38.9, ,11.2,16.6,22.4
108,2015-10-5,49.4, ,11.0,18.0,25.6
108,2015-10-6,57.5, ,12.1,18.7,26.3
108,2015-10-7,67.5, ,14.1,19.6,25.7
108,2015-10-8,61.1, ,15.7,20.1,26.4
108,2015-10-9,43.8, ,12.8,16.2,20.5
108,2015-10-10,70.9,3.5,10.4,12.8,17.2
108,2015-10-11,72.6,3.5,8.1,10.8,14.4
108,2015-10-12,56.5, ,8.2,12.3,17.9
108,2015-10-13,66.4, ,7.8,15.0,21.3
108,2015-10-14,64.6, ,10.9,17.1,24.5
108,2015-10-15,62.1, ,12.1,17.9,26.1
108,2015-10-16,71.0, ,13.2,17.5,24.2
108,2015-10-17,64.8, ,12.4,18.7,26.6
108,2015-10-18,65.1, ,12.4,17.9,24.2
108,2015-10-19,67.4, ,13.6,18.1,23.9
108,2015-10-20,69.5, ,15.4,18.8,25.1
108,2015-10-21,72.5, ,13.9,17.9,22.7
108,2015-10-22,64.8, ,14.5,17.5,23.1
108,2015-10-23,69.1, ,15.2,17.5,21.4
108,2015-10-24,64.4,10.5,13.2,16.9,22.0
108,2015-10-25,51.0, ,12.1,16.3,22.8
108,2015-10-26,66.8,2.0,12.0,15.0,18.7
108,2015-10-27,69.3,26.5,7.7,12.1,15.9
108,2015-10-28,49.0, ,5.6,9.9,15.8
108,2015-10-29,50.4,0.5,3.2,8.4,14.7
108,2015-10-30,41.8, ,1.7,5.4,10.4
108,2015-10-31,42.5, ,1.1,5.7,12.3
108,2015-11-1,48.4, ,1.3,7.0,12.6
108,2015-11-2,60.5, ,6.1,10.8,15.2
108,2015-11-3,67.6, ,6.6,11.8,18.7
108,2015-11-4,62.0, ,5.8,12.2,19.8
108,2015-11-5,63.9, ,8.6,13.2,19.2
108,2015-11-6,63.9,4.5,9.6,13.5,19.2
108,2015-11-7,91.5,24.5,9.3,10.5,11.7
108,2015-11-8,90.6,10.5,10.3,11.1,11.8
108,2015-11-9,87.6,3.5,9.8,10.8,12.1
108,2015-11-10,80.0, ,7.7,10.0,13.5
108,2015-11-11,72.4, ,6.6,11.6,17.7
108,2015-11-12,63.5, ,10.2,14.5,21.0
108,2015-11-13,83.8,22.5,10.5,11.5,13.1
108,2015-11-14,97.3,3.5,11.0,12.8,14.2
108,2015-11-15,84.5, ,10.6,13.4,17.2
108,2015-11-16,85.1,5.5,10.7,12.2,14.0
108,2015-11-17,69.6, ,11.0,13.9,19.3
108,2015-11-18,70.6,5.5,8.4,10.4,12.6
108,2015-11-19,72.8, ,6.7,8.9,10.8
108,2015-11-20,72.6, ,7.1,9.8,14.4
108,2015-11-21,55.9, ,5.0,9.2,15.4
108,2015-11-22,66.5,3.5,5.9,10.2,15.7
108,2015-11-23,80.9,6.5,6.5,8.5,11.0
108,2015-11-24,69.5,0.5,2.7,5.6,8.8
108,2015-11-25,86.8,11.0,0.9,2.4,5.3
108,2015-11-26,63.8,0.0,-4.8,-2.7,0.9
108,2015-11-27,59.1, ,-7.3,-2.8,2.0
108,2015-11-28,70.8,0.1,-2.7,0.1,2.6
108,2015-11-29,87.9,3.0,1.0,2.5,3.9
108,2015-11-30,69.1, ,0.9,4.1,8.5
108,2015-12-1,57.6, ,-1.3,4.0,10.4
108,2015-12-2,71.4,13.5,2.9,6.0,8.5
108,2015-12-3,79.3,7.1,-3.2,-0.7,3.3
108,2015-12-4,63.9, ,-4.4,-0.4,3.1
108,2015-12-5,51.4, ,0.6,3.4,7.2
108,2015-12-6,46.4, ,-2.0,1.3,7.8
108,2015-12-7,51.1, ,-3.4,1.9,6.7
108,2015-12-8,55.9, ,-1.4,2.9,9.6
108,2015-12-9,57.4, ,-0.8,5.0,10.9
108,2015-12-10,74.8,0.3,5.8,7.8,9.2
108,2015-12-11,56.5, ,3.3,6.4,12.2
108,2015-12-12,50.1, ,1.1,5.2,11.0
108,2015-12-13,50.5, ,0.9,5.2,12.2
108,2015-12-14,75.6,2.5,2.6,5.0,6.4
108,2015-12-15,69.8,0.1,2.0,4.7,8.2
108,2015-12-16,50.9, ,-5.0,-1.0,2.8
108,2015-12-17,43.4, ,-7.4,-4.6,-0.4
108,2015-12-18,61.9,0.0,-7.0,-3.3,-1.0
108,2015-12-19,66.3, ,-4.6,-0.1,6.8
108,2015-12-20,56.9, ,-3.4,1.5,6.0
108,2015-12-21,76.0,2.0,-0.2,2.2,5.0
108,2015-12-22,67.9, ,-1.5,3.1,7.7
108,2015-12-23,59.6,0.4,2.9,5.9,10.6
108,2015-12-24,67.5, ,-1.6,1.5,5.3
108,2015-12-25,46.3,0.0,-4.9,-0.8,3.7
108,2015-12-26,73.3,0.7,-3.2,0.9,4.7
108,2015-12-27,39.0, ,-8.9,-5.7,-1.0
108,2015-12-28,38.4, ,-9.5,-5.7,-1.0
108,2015-12-29,47.6, ,-8.7,-3.2,2.9
108,2015-12-30,67.6,2.5,-3.5,0.3,4.3
108,2015-12-31,81.3, ,-1.9,0.7,2.8
